"Fecha","Último","Apertura","Máximo","Mínimo","Vol.","% var."
"30.12.1999","11,457","11,392","11,465","11,351","16,61M","0,93%"
"29.12.1999","11,351","11,335","11,392","11,303","5,92M","0,65%"
"28.12.1999","11,278","11,416","11,416","11,270","5,49M","-0,57%"
"27.12.1999","11,343","11,384","11,505","11,311","6,23M","-0,43%"
"23.12.1999","11,392","11,343","11,392","11,327","5,65M","0,36%"
"22.12.1999","11,351","11,367","11,416","11,270","5,54M","0,00%"
"21.12.1999","11,351","11,408","11,408","11,262","4,77M","-0,21%"
"20.12.1999","11,375","11,465","11,465","11,327","11,31M","-0,36%"
"17.12.1999","11,416","11,343","11,424","11,254","17,64M","0,79%"
"16.12.1999","11,327","11,392","11,408","11,262","10,91M","-0,28%"
"15.12.1999","11,359","11,400","11,424","11,294","8,51M","-0,86%"
"14.12.1999","11,457","11,367","11,497","11,343","10,44M","0,08%"
"13.12.1999","11,448","11,489","11,529","11,408","7,39M","0,49%"
"10.12.1999","11,392","11,465","11,570","11,319","7,06M","-0,98%"
"09.12.1999","11,505","11,351","11,586","11,270","15,73M","1,43%"
"07.12.1999","11,343","11,303","11,473","11,262","12,17M","1,16%"
"03.12.1999","11,213","11,019","11,278","10,938","10,22M","1,76%"
"02.12.1999","11,019","11,149","11,149","10,881","8,87M","-1,17%"
"01.12.1999","11,149","11,092","11,238","11,035","8,10M","-0,65%"
"30.11.1999","11,222","11,060","11,270","10,906","9,56M","0,73%"
"29.11.1999","11,141","11,197","11,311","11,060","6,63M","-1,07%"
"26.11.1999","11,262","11,262","11,303","11,108","7,76M","0,65%"
"25.11.1999","11,189","10,978","11,262","10,978","13,03M","2,29%"
"24.11.1999","10,938","10,800","10,970","10,752","8,94M","1,13%"
"23.11.1999","10,816","10,679","10,849","10,679","8,74M","0,75%"
"22.11.1999","10,735","10,800","10,849","10,687","7,26M","0,07%"
"19.11.1999","10,727","10,808","10,808","10,533","9,61M","-0,38%"
"18.11.1999","10,768","10,841","10,889","10,695","4,27M","-0,82%"
"17.11.1999","10,857","10,962","10,987","10,816","7,52M","-0,15%"
"16.11.1999","10,873","10,784","10,938","10,768","10,26M","0,83%"
"15.11.1999","10,784","10,614","10,954","10,614","11,99M","0,46%"
"12.11.1999","10,735","10,744","10,800","10,509","8,55M","-0,08%"
"11.11.1999","10,744","10,825","10,833","10,695","8,85M","-0,67%"
"10.11.1999","10,816","10,744","10,825","10,679","5,32M","0,67%"
"09.11.1999","10,744","10,897","10,954","10,703","8,57M","-0,89%"
"08.11.1999","10,841","10,695","10,881","10,646","5,96M","0,83%"
"05.11.1999","10,752","10,614","10,825","10,590","10,50M","1,30%"
"04.11.1999","10,614","10,509","10,638","10,428","8,89M","1,09%"
"03.11.1999","10,500","10,298","10,500","10,225","10,04M","1,65%"
"02.11.1999","10,330","10,403","10,403","10,249","6,55M","-0,24%"
"29.10.1999","10,355","10,355","10,395","10,274","12,17M","1,43%"
"28.10.1999","10,209","10,103","10,209","9,950","6,87M","1,69%"
"27.10.1999","10,039","10,079","10,144","9,982","5,98M","-0,72%"
"26.10.1999","10,112","10,095","10,160","10,031","10,25M","-0,16%"
"25.10.1999","10,128","10,290","10,298","10,055","6,72M","-0,47%"
"22.10.1999","10,176","10,168","10,241","10,063","8,93M","0,63%"
"21.10.1999","10,112","10,573","10,598","9,925","16,56M","-4,07%"
"20.10.1999","10,541","11,019","11,019","10,460","26,77M","1,56%"
"19.10.1999","10,379","10,379","10,379","10,379","-","0,00%"
"18.10.1999","10,379","10,209","10,436","10,095","8,02M","0,40%"
"15.10.1999","10,338","10,330","10,371","10,128","9,06M","-0,62%"
"14.10.1999","10,403","10,395","10,598","10,355","7,20M","-0,39%"
"13.10.1999","10,444","10,468","10,533","10,436","7,82M","-2,49%"
"11.10.1999","10,711","10,614","10,808","10,581","60,85M","0,54%"
"08.10.1999","10,654","10,500","10,654","10,460","62,26M","1,62%"
"07.10.1999","10,484","10,355","10,484","10,241","13,74M","2,04%"
"06.10.1999","10,274","10,209","10,306","10,144","4,37M","-0,08%"
"05.10.1999","10,282","10,144","10,322","10,047","5,56M","1,93%"
"04.10.1999","10,087","10,047","10,128","9,998","3,54M","0,16%"
"01.10.1999","10,071","10,039","10,079","9,950","5,71M","0,40%"
"30.09.1999","10,031","10,047","10,063","9,917","4,84M","-0,40%"
"29.09.1999","10,071","10,160","10,160","9,941","5,45M","0,08%"
"28.09.1999","10,063","10,209","10,217","10,063","5,75M","-1,81%"
"27.09.1999","10,249","10,120","10,249","10,120","3,84M","1,27%"
"24.09.1999","10,120","9,974","10,120","9,933","11,58M","0,00%"
"23.09.1999","10,120","10,063","10,209","9,966","5,37M","1,06%"
"22.09.1999","10,014","9,885","10,047","9,877","5,19M","0,24%"
"21.09.1999","9,990","10,128","10,128","9,925","7,37M","-1,36%"
"20.09.1999","10,128","10,233","10,249","10,128","5,17M","-0,08%"
"17.09.1999","10,136","10,330","10,330","10,136","7,16M","-1,10%"
"16.09.1999","10,249","10,193","10,249","10,144","7,31M","-0,32%"
"15.09.1999","10,282","10,168","10,363","10,120","7,04M","0,72%"
"14.09.1999","10,209","10,184","10,411","10,176","8,46M","0,32%"
"13.09.1999","10,176","10,290","10,403","10,176","6,36M","-0,87%"
"10.09.1999","10,265","10,184","10,265","10,087","7,64M","1,19%"
"09.09.1999","10,144","10,047","10,209","10,039","6,39M","0,49%"
"08.09.1999","10,095","10,112","10,184","10,014","8,10M","0,00%"
"07.09.1999","10,095","10,249","10,395","10,047","6,96M","-1,50%"
"06.09.1999","10,249","10,330","10,338","10,249","3,33M","0,00%"
"03.09.1999","10,249","10,087","10,290","9,877","7,20M","2,35%"
"02.09.1999","10,014","10,257","10,274","9,966","6,27M","-2,61%"
"01.09.1999","10,282","10,233","10,355","10,209","5,40M","0,56%"
"31.08.1999","10,225","10,395","10,419","10,201","7,17M","-2,78%"
"30.08.1999","10,517","10,606","10,614","10,492","3,09M","-0,53%"
"27.08.1999","10,573","10,452","10,614","10,428","4,49M","0,70%"
"26.08.1999","10,500","10,468","10,573","10,419","6,85M","1,01%"
"25.08.1999","10,395","10,444","10,549","10,379","7,05M","0,08%"
"24.08.1999","10,387","10,338","10,403","10,209","10,02M","0,71%"
"23.08.1999","10,314","10,249","10,371","10,152","5,80M","1,60%"
"20.08.1999","10,152","10,128","10,193","10,039","6,56M","1,21%"
"19.08.1999","10,031","10,006","10,095","9,885","4,54M","0,81%"
"18.08.1999","9,950","10,128","10,241","9,950","4,87M","-1,04%"
"17.08.1999","10,055","9,877","10,160","9,868","8,45M","2,14%"
"16.08.1999","9,844","9,804","9,893","9,763","6,16M","1,76%"
"13.08.1999","9,674","9,309","9,674","9,269","7,93M","3,92%"
"12.08.1999","9,309","9,285","9,439","9,237","7,88M","1,95%"
"11.08.1999","9,131","8,985","9,204","8,977","5,74M","1,90%"
"10.08.1999","8,961","9,277","9,342","8,961","8,18M","-3,07%"
"09.08.1999","9,245","9,245","9,350","9,212","7,15M","0,00%"
"06.08.1999","9,245","9,415","9,415","9,245","6,80M","-1,21%"
"05.08.1999","9,358","9,455","9,504","9,318","13,33M","-1,78%"
"04.08.1999","9,528","9,625","9,625","9,504","4,32M","-0,51%"
"03.08.1999","9,577","9,642","9,674","9,480","6,64M","-1,08%"
"02.08.1999","9,682","9,504","9,706","9,374","9,11M","1,79%"
"30.07.1999","9,512","9,642","9,674","9,488","9,85M","0,60%"
"29.07.1999","9,455","9,706","9,706","9,415","11,28M","-2,34%"
"28.07.1999","9,682","9,950","9,950","9,682","12,86M","-2,69%"
"27.07.1999","9,950","10,128","10,152","9,925","8,64M","-1,91%"
"26.07.1999","10,144","10,411","10,411","9,990","7,78M","-2,04%"
"23.07.1999","10,355","10,598","10,598","10,330","7,60M","-0,85%"
"22.07.1999","10,444","10,573","10,590","10,274","11,42M","-0,92%"
"21.07.1999","10,541","10,541","10,614","10,492","5,41M","-0,38%"
"20.07.1999","10,581","10,776","10,784","10,541","9,39M","-1,66%"
"19.07.1999","10,760","10,776","10,857","10,744","5,26M","-0,22%"
"16.07.1999","10,784","10,914","10,914","10,760","17,20M","-1,19%"
"15.07.1999","10,914","10,897","10,962","10,849","4,86M","0,30%"
"14.07.1999","10,881","11,060","11,076","10,873","5,65M","-1,32%"
"13.07.1999","11,027","11,197","11,238","10,954","9,23M","-1,95%"
"12.07.1999","11,246","11,343","11,343","11,246","22,89M","-1,35%"
"09.07.1999","11,400","11,343","11,400","11,311","21,89M","1,08%"
"08.07.1999","11,278","11,400","11,457","11,278","5,10M","-1,07%"
"07.07.1999","11,400","11,416","11,465","11,343","5,84M","-0,42%"
"06.07.1999","11,448","11,546","11,546","11,424","12,12M","-1,12%"
"05.07.1999","11,578","11,546","11,578","11,465","4,20M","0,43%"
"02.07.1999","11,529","11,448","11,538","11,440","4,57M","0,07%"
"01.07.1999","11,521","11,505","11,554","11,440","5,64M","1,50%"
"30.06.1999","11,351","11,505","11,546","11,343","3,05M","-1,13%"
"29.06.1999","11,481","11,489","11,538","11,384","3,57M","-0,21%"
"28.06.1999","11,505","11,384","11,505","11,367","2,34M","0,78%"
"25.06.1999","11,416","11,343","11,497","11,286","2,93M","0,28%"
"24.06.1999","11,384","11,546","11,619","11,384","4,47M","-1,33%"
"23.06.1999","11,538","11,619","11,619","11,440","2,73M","-0,70%"
"22.06.1999","11,619","11,578","11,627","11,513","5,08M","0,56%"
"21.06.1999","11,554","11,497","11,602","11,489","4,59M","0,22%"
"18.06.1999","11,529","11,424","11,546","11,400","7,53M","1,35%"
"17.06.1999","11,375","11,497","11,497","11,319","6,41M","0,35%"
"16.06.1999","11,335","11,367","11,457","11,262","5,67M","-0,43%"
"15.06.1999","11,384","11,303","11,562","11,278","5,52M","0,43%"
"14.06.1999","11,335","11,465","11,465","11,246","3,66M","-1,48%"
"11.06.1999","11,505","11,181","11,546","11,141","10,19M","4,33%"
"10.06.1999","11,027","11,311","11,359","11,027","5,96M","-2,16%"
"09.06.1999","11,270","11,181","11,351","11,181","4,80M","1,16%"
"08.06.1999","11,141","11,400","11,416","11,124","5,82M","-1,92%"
"07.06.1999","11,359","11,343","11,384","11,230","3,88M","0,14%"
"04.06.1999","11,343","11,375","11,375","11,213","3,39M","-0,43%"
"03.06.1999","11,392","11,262","11,400","11,197","3,95M","1,96%"
"02.06.1999","11,173","11,230","11,319","11,068","3,48M","-1,36%"
"01.06.1999","11,327","11,213","11,384","11,165","4,02M","0,43%"
"31.05.1999","11,278","11,270","11,335","11,068","2,75M","0,65%"
"28.05.1999","11,205","11,213","11,254","11,124","3,58M","0,80%"
"27.05.1999","11,116","11,351","11,384","11,108","5,06M","-1,58%"
"26.05.1999","11,294","11,408","11,408","11,246","3,91M","-0,29%"
"25.05.1999","11,327","11,311","11,416","11,278","5,87M","-1,13%"
"24.05.1999","11,457","11,505","11,602","11,424","2,04M","-0,77%"
"21.05.1999","11,546","11,481","11,578","11,375","6,74M","1,35%"
"20.05.1999","11,392","11,521","11,538","11,359","3,39M","-0,98%"
"19.05.1999","11,505","11,262","11,505","11,230","8,67M","2,82%"
"18.05.1999","11,189","11,351","11,351","11,157","5,44M","-0,37%"
"17.05.1999","11,230","11,327","11,343","11,205","6,42M","-1,35%"
"14.05.1999","11,384","11,651","11,797","11,359","9,67M","-2,29%"
"13.05.1999","11,651","11,489","11,683","11,424","4,42M","1,48%"
"12.05.1999","11,481","11,416","11,505","11,343","3,29M","0,00%"
"11.05.1999","11,481","11,432","11,578","11,367","4,19M","-0,35%"
"10.05.1999","11,521","11,497","11,521","11,319","3,94M","0,35%"
"07.05.1999","11,481","11,400","11,554","11,303","5,11M","0,85%"
"06.05.1999","11,384","11,546","11,562","11,367","4,03M","-0,14%"
"05.05.1999","11,400","11,359","11,505","11,343","5,80M","-1,05%"
"04.05.1999","11,521","11,748","11,797","11,424","6,10M","-1,45%"
"03.05.1999","11,691","11,384","11,691","11,286","5,80M","1,90%"
"30.04.1999","11,473","11,384","11,578","11,375","3,54M","1,00%"
"29.04.1999","11,359","11,521","11,529","11,343","4,02M","-0,92%"
"28.04.1999","11,465","11,627","11,643","11,424","5,26M","-1,04%"
"27.04.1999","11,586","11,473","11,635","11,335","5,19M","0,77%"
"26.04.1999","11,497","11,627","11,683","11,343","5,14M","-0,77%"
"23.04.1999","11,586","11,732","11,781","11,586","4,11M","-1,04%"
"22.04.1999","11,708","11,878","11,894","11,586","11,05M","-0,75%"
"21.04.1999","11,797","11,764","11,845","11,675","5,48M","-0,27%"
"20.04.1999","11,829","11,845","11,902","11,683","6,53M","-1,69%"
"19.04.1999","12,032","11,764","12,032","11,683","9,82M","1,85%"
"16.04.1999","11,813","11,627","11,829","11,578","12,92M","1,04%"
"15.04.1999","11,691","11,627","11,764","11,586","5,79M","-0,42%"
"14.04.1999","11,740","11,691","11,797","11,594","5,98M","-0,07%"
"13.04.1999","11,748","11,667","11,764","11,627","7,48M","1,47%"
"12.04.1999","11,578","11,505","11,586","11,400","5,60M","-0,21%"
"09.04.1999","11,602","11,748","11,781","11,424","10,81M","-0,15%"
"08.04.1999","11,619","11,578","11,659","11,465","6,70M","0,70%"
"07.04.1999","11,538","11,375","11,554","11,367","6,37M","0,50%"
"06.04.1999","11,481","11,375","11,489","11,278","6,38M","2,68%"
"31.03.1999","11,181","11,084","11,311","11,076","4,29M","0,95%"
"30.03.1999","11,076","11,262","11,319","11,076","3,90M","-1,15%"
"29.03.1999","11,205","10,954","11,213","10,954","5,68M","1,61%"
"26.03.1999","11,027","11,181","11,270","10,906","5,84M","-1,45%"
"25.03.1999","11,189","10,995","11,189","10,930","5,24M","2,00%"
"24.03.1999","10,970","10,857","11,019","10,760","7,34M","-0,52%"
"23.03.1999","11,027","11,254","11,286","11,019","7,44M","-2,79%"
"22.03.1999","11,343","11,375","11,465","11,303","11,62M","-0,64%"
"19.03.1999","11,416","11,546","11,586","11,416","7,38M","0,36%"
"18.03.1999","11,375","11,311","11,408","11,246","7,28M","-0,64%"
"17.03.1999","11,448","11,343","11,643","11,303","10,04M","-2,08%"
"16.03.1999","11,691","11,343","11,691","11,343","13,97M","3,74%"
"15.03.1999","11,270","11,254","11,327","11,157","5,88M","2,20%"
"12.03.1999","11,027","11,303","11,367","11,027","13,96M","-1,74%"
"11.03.1999","11,222","10,873","11,238","10,857","11,50M","3,91%"
"10.03.1999","10,800","10,735","10,833","10,598","6,57M","2,07%"
"09.03.1999","10,581","10,760","10,825","10,484","10,39M","-0,46%"
"08.03.1999","10,630","10,906","10,914","10,630","4,28M","-2,09%"
"05.03.1999","10,857","10,833","10,938","10,719","6,72M","1,67%"
"04.03.1999","10,679","10,549","10,735","10,428","6,94M","2,17%"
"03.03.1999","10,452","10,679","10,833","10,452","5,77M","-2,05%"
"02.03.1999","10,671","10,744","10,784","10,581","4,39M","-0,52%"
"01.03.1999","10,727","11,019","11,019","10,630","6,06M","-1,86%"
"26.02.1999","10,930","10,978","11,019","10,776","5,25M","-0,36%"
"25.02.1999","10,970","10,978","11,197","10,938","6,65M","-2,66%"
"24.02.1999","11,270","10,808","11,351","10,808","13,46M","2,81%"
"23.02.1999","10,962","10,922","11,043","10,857","9,48M","2,11%"
"22.02.1999","10,735","10,954","10,978","10,606","5,69M","-1,49%"
"19.02.1999","10,897","10,897","10,954","10,800","6,93M","0,37%"
"18.02.1999","10,857","10,671","10,930","10,525","8,53M","1,05%"
"17.02.1999","10,744","10,557","10,752","10,492","5,41M","0,76%"
"16.02.1999","10,663","10,897","10,914","10,614","7,21M","-1,71%"
"15.02.1999","10,849","10,387","10,873","10,355","7,10M","4,04%"
"12.02.1999","10,428","10,573","10,792","10,403","10,16M","0,39%"
"11.02.1999","10,387","10,282","10,468","10,225","6,20M","0,55%"
"10.02.1999","10,330","10,120","10,371","9,974","7,30M","2,08%"
"09.02.1999","10,120","10,379","10,428","10,071","9,15M","-2,03%"
"08.02.1999","10,330","10,654","10,671","10,298","7,20M","-2,00%"
"05.02.1999","10,541","10,541","10,727","10,533","5,90M","-1,44%"
"04.02.1999","10,695","10,938","10,970","10,614","9,87M","-0,60%"
"03.02.1999","10,760","10,614","10,922","10,614","7,94M","0,00%"
"02.02.1999","10,760","10,541","10,760","10,347","8,35M","1,38%"
"01.02.1999","10,614","10,857","10,970","10,573","9,56M","-0,61%"
"29.01.1999","10,679","10,711","10,922","10,509","12,16M","1,46%"
"28.01.1999","10,525","10,006","10,549","9,893","7,76M","3,92%"
"27.01.1999","10,128","10,168","10,330","10,039","7,80M","1,22%"
"26.01.1999","10,006","10,184","10,184","9,569","11,27M","0,98%"
"25.01.1999","9,909","9,966","10,055","9,723","15,88M","-1,29%"
"22.01.1999","10,039","10,525","10,525","9,982","14,59M","-6,63%"
"21.01.1999","10,752","11,019","11,092","10,695","8,04M","-3,34%"
"20.01.1999","11,124","11,278","11,440","10,857","12,23M","0,95%"
"19.01.1999","11,019","11,100","11,205","10,744","14,32M","-2,92%"
"18.01.1999","11,351","11,546","11,570","10,711","17,60M","9,88%"
"15.01.1999","10,330","9,723","10,363","9,253","28,38M","7,50%"
"14.01.1999","9,609","9,642","10,022","9,358","23,04M","1,46%"
"13.01.1999","9,471","10,290","10,500","9,399","32,75M","-13,54%"
"12.01.1999","10,954","11,424","11,586","10,938","13,17M","-4,79%"
"11.01.1999","11,505","12,024","12,072","11,505","7,10M","-3,99%"
"08.01.1999","11,983","11,764","12,080","11,513","10,01M","1,86%"
"07.01.1999","11,764","12,178","12,210","11,554","18,14M","-0,55%"
"05.01.1999","11,829","11,586","11,902","11,473","15,76M","1,81%"
"04.01.1999","11,619","11,262","11,619","11,238","13,52M","7,24%"
"30.12.1998","10,835","11,322","11,370","10,786","6,33M","-3,26%"
"29.12.1998","11,200","11,249","11,443","11,054","7,40M","-1,29%"
"28.12.1998","11,346","11,297","11,468","11,297","9,69M","0,65%"
"23.12.1998","11,273","10,956","11,273","10,908","9,63M","2,89%"
"22.12.1998","10,956","10,883","10,956","10,786","9,34M","1,58%"
"21.12.1998","10,786","10,494","10,859","10,421","8,44M","4,23%"
"18.12.1998","10,348","10,250","10,421","10,080","9,23M","2,16%"
"17.12.1998","10,129","10,129","10,323","10,104","9,69M","-2,12%"
"16.12.1998","10,348","10,396","10,543","10,275","8,13M","1,19%"
"15.12.1998","10,226","10,031","10,226","9,909","8,08M","3,20%"
"14.12.1998","9,909","9,885","10,080","9,788","10,08M","-0,25%"
"11.12.1998","9,934","10,177","10,226","9,861","11,13M","-4,22%"
"10.12.1998","10,372","10,616","10,810","10,348","7,44M","-3,18%"
"09.12.1998","10,713","10,518","10,737","10,421","9,85M","0,91%"
"07.12.1998","10,616","10,445","10,664","10,421","6,09M","3,32%"
"04.12.1998","10,275","10,104","10,348","10,007","14,68M","-0,71%"
"03.12.1998","10,348","10,250","10,737","10,056","19,19M","-0,93%"
"02.12.1998","10,445","10,786","10,810","10,445","12,08M","-0,23%"
"01.12.1998","10,469","10,713","10,762","10,226","18,65M","-5,71%"
"30.11.1998","11,103","11,443","11,736","11,029","10,51M","-3,59%"
"27.11.1998","11,516","11,322","11,614","11,297","9,82M","0,21%"
"26.11.1998","11,492","11,103","11,516","11,078","11,32M","4,20%"
"25.11.1998","11,029","10,908","11,029","10,859","8,23M","0,89%"
"24.11.1998","10,932","10,883","11,078","10,786","14,48M","2,98%"
"23.11.1998","10,616","10,445","10,737","10,421","14,31M","3,32%"
"20.11.1998","10,275","10,177","10,348","10,153","10,15M","2,43%"
"19.11.1998","10,031","9,836","10,177","9,836","8,33M","2,75%"
"18.11.1998","9,763","9,983","10,031","9,715","7,72M","-0,26%"
"17.11.1998","9,788","9,861","9,909","9,739","5,34M","-1,47%"
"16.11.1998","9,934","9,812","9,934","9,763","5,71M","4,09%"
"13.11.1998","9,544","9,836","9,909","9,520","5,84M","-2,49%"
"12.11.1998","9,788","9,666","9,788","9,520","7,77M","0,00%"
"11.11.1998","9,788","9,885","9,983","9,763","6,78M","0,50%"
"10.11.1998","9,739","9,788","9,885","9,642","8,11M","-2,68%"
"09.11.1998","10,007","10,250","10,323","9,909","8,14M","-1,20%"
"06.11.1998","10,129","9,983","10,226","9,983","15,43M","2,47%"
"05.11.1998","9,885","9,861","9,909","9,715","11,90M","0,00%"
"04.11.1998","9,885","9,836","9,909","9,715","11,84M","3,57%"
"03.11.1998","9,544","9,666","9,958","9,496","14,92M","-1,51%"
"02.11.1998","9,690","9,496","9,788","9,496","12,13M","4,73%"
"30.10.1998","9,252","9,106","9,301","8,984","9,92M","5,85%"
"29.10.1998","8,741","8,838","9,130","8,668","32,89M","-1,64%"
"28.10.1998","8,887","8,960","8,984","8,595","10,32M","-4,45%"
"27.10.1998","9,301","8,716","9,398","8,668","13,72M","7,30%"
"26.10.1998","8,668","8,741","8,741","8,497","8,15M","2,30%"
"23.10.1998","8,473","8,351","8,595","8,205","10,73M","3,57%"
"22.10.1998","8,181","8,911","9,082","8,108","14,22M","-6,41%"
"21.10.1998","8,741","9,106","9,106","8,692","12,09M","-4,52%"
"20.10.1998","9,155","9,009","9,179","8,887","12,25M","2,45%"
"19.10.1998","8,936","8,838","9,033","8,765","10,92M","-0,81%"
"16.10.1998","9,009","8,522","9,106","8,424","32,06M","10,78%"
"15.10.1998","8,132","8,035","8,156","7,840","10,08M","2,77%"
"14.10.1998","7,913","7,718","8,035","7,475","11,78M","2,53%"
"13.10.1998","7,718","7,304","7,718","7,207","14,67M","10,45%"
"09.10.1998","6,988","6,866","7,231","6,793","14,96M","5,91%"
"08.10.1998","6,598","6,574","6,671","6,403","12,86M","-0,38%"
"07.10.1998","6,623","7,061","7,207","6,598","14,45M","-4,88%"
"06.10.1998","6,963","6,939","6,963","6,574","14,93M","7,11%"
"05.10.1998","6,501","6,793","6,988","6,452","18,84M","-1,11%"
"02.10.1998","6,574","6,574","7,061","6,306","22,22M","-1,10%"
"01.10.1998","6,647","7,061","7,110","6,598","16,74M","-10,20%"
"30.09.1998","7,402","7,986","8,083","7,304","10,49M","-8,71%"
"29.09.1998","8,108","8,010","8,278","7,864","11,21M","0,31%"
"28.09.1998","8,083","8,132","8,303","7,670","10,40M","2,78%"
"25.09.1998","7,864","7,134","7,864","6,915","15,99M","6,24%"
"24.09.1998","7,402","8,327","8,522","7,402","21,44M","-7,88%"
"23.09.1998","8,035","7,548","8,083","7,377","19,68M","14,20%"
"22.09.1998","7,036","6,817","7,231","6,550","14,54M","10,30%"
"21.09.1998","6,379","6,598","6,696","6,330","10,34M","-5,76%"
"18.09.1998","6,769","6,671","6,817","6,428","23,30M","-0,35%"
"17.09.1998","6,793","7,304","7,353","6,744","27,04M","-9,70%"
"16.09.1998","7,523","7,743","7,889","7,256","19,04M","1,98%"
"15.09.1998","7,377","7,791","7,816","7,012","16,65M","-4,42%"
"14.09.1998","7,718","8,278","8,278","7,645","19,00M","2,59%"
"11.09.1998","7,523","7,791","7,840","7,207","23,72M","-6,08%"
"10.09.1998","8,010","8,765","8,814","7,816","24,72M","-11,09%"
"09.09.1998","9,009","9,447","9,520","9,009","15,11M","-4,64%"
"08.09.1998","9,447","8,911","9,496","8,838","14,79M","7,18%"
"07.09.1998","8,814","9,593","9,593","8,765","10,23M","-3,21%"
"04.09.1998","9,106","9,666","9,666","8,960","10,77M","-4,59%"
"03.09.1998","9,544","9,909","9,958","9,423","10,31M","-4,85%"
"02.09.1998","10,031","10,226","10,323","9,934","10,14M","3,00%"
"01.09.1998","9,739","9,325","9,861","9,057","13,71M","1,01%"
"31.08.1998","9,642","10,080","10,966","9,447","10,65M","1,81%"
"28.08.1998","9,471","9,130","10,177","8,668","19,08M","-2,51%"
"27.08.1998","9,715","9,885","9,958","9,447","19,15M","-5,22%"
"26.08.1998","10,250","11,176","11,273","10,129","15,46M","-8,68%"
"25.08.1998","11,224","11,492","11,614","11,151","8,96M","1,09%"
"24.08.1998","11,103","11,589","11,882","10,835","12,87M","-3,38%"
"21.08.1998","11,492","12,271","12,271","10,908","18,79M","-8,53%"
"20.08.1998","12,563","12,977","13,050","12,515","5,68M","-3,01%"
"19.08.1998","12,953","12,977","13,050","12,880","3,80M","0,95%"
"18.08.1998","12,831","12,758","12,856","12,685","3,26M","2,52%"
"17.08.1998","12,515","12,247","12,563","12,101","3,53M","0,98%"
"14.08.1998","12,393","12,539","12,563","12,296","5,90M","1,39%"
"13.08.1998","12,223","12,417","12,539","12,149","10,49M","-1,76%"
"12.08.1998","12,442","12,807","12,807","12,417","7,52M","0,99%"
"11.08.1998","12,320","12,904","12,929","12,247","9,33M","-5,77%"
"10.08.1998","13,075","13,537","13,537","13,075","4,82M","-2,54%"
"07.08.1998","13,416","13,610","13,610","13,367","3,18M","-0,36%"
"06.08.1998","13,464","14,073","14,122","13,391","4,73M","-2,98%"
"05.08.1998","13,878","13,756","13,976","13,756","4,66M","-2,40%"
"04.08.1998","14,219","14,024","14,341","14,000","3,87M","2,10%"
"03.08.1998","13,927","13,878","14,000","13,635","2,41M","0,35%"
"31.07.1998","13,878","14,000","14,243","13,854","4,78M","0,53%"
"30.07.1998","13,805","13,342","13,854","13,245","4,28M","4,42%"
"29.07.1998","13,221","13,294","13,513","13,196","4,96M","-0,91%"
"28.07.1998","13,342","13,854","13,854","13,269","4,97M","-1,09%"
"27.07.1998","13,489","13,732","13,854","13,464","6,33M","-1,77%"
"24.07.1998","13,732","13,976","14,122","13,732","5,18M","-3,26%"
"23.07.1998","14,195","13,976","14,414","13,927","4,87M","1,57%"
"22.07.1998","13,976","14,316","14,316","13,976","3,56M","-3,04%"
"21.07.1998","14,414","14,779","14,828","14,341","5,64M","-2,15%"
"20.07.1998","14,730","15,096","15,096","14,730","6,01M","-1,46%"
"17.07.1998","14,949","14,852","15,047","14,560","7,94M","0,65%"
"16.07.1998","14,852","14,609","14,852","14,536","4,31M","1,66%"
"15.07.1998","14,609","14,901","14,901","14,414","7,68M","-0,50%"
"14.07.1998","14,682","14,365","14,706","14,170","7,01M","4,33%"
"13.07.1998","14,073","13,927","14,170","13,878","3,59M","1,05%"
"10.07.1998","13,927","13,797","13,959","13,748","3,61M","0,35%"
"09.07.1998","13,878","13,797","14,073","13,716","5,36M","0,23%"
"08.07.1998","13,846","13,716","13,846","13,667","3,45M","0,95%"
"07.07.1998","13,716","13,716","13,748","13,521","5,85M","0,59%"
"06.07.1998","13,635","13,310","13,667","13,278","4,41M","2,57%"
"03.07.1998","13,294","13,018","13,294","13,018","4,38M","1,87%"
"02.07.1998","13,050","13,018","13,099","12,953","5,88M","0,75%"
"01.07.1998","12,953","12,839","12,985","12,791","6,70M","1,40%"
"30.06.1998","12,774","12,937","12,937","12,645","7,33M","-1,26%"
"29.06.1998","12,937","12,904","12,985","12,904","5,08M","0,50%"
"26.06.1998","12,872","12,823","12,937","12,758","4,16M","0,77%"
"25.06.1998","12,774","12,580","12,888","12,547","8,97M","2,47%"
"24.06.1998","12,466","12,222","12,498","12,174","4,71M","1,85%"
"23.06.1998","12,239","12,093","12,255","11,914","5,12M","2,03%"
"22.06.1998","11,995","11,768","12,044","11,736","4,01M","0,40%"
"19.06.1998","11,947","11,979","12,206","11,833","9,47M","0,41%"
"18.06.1998","11,898","12,320","12,320","11,833","6,89M","-1,21%"
"17.06.1998","12,044","11,849","12,093","11,736","4,61M","3,35%"
"16.06.1998","11,654","11,492","11,671","11,443","5,69M","1,12%"
"15.06.1998","11,525","11,865","11,865","11,476","8,62M","-2,87%"
"12.06.1998","11,865","12,060","12,125","11,865","7,20M","-1,49%"
"11.06.1998","12,044","12,401","12,450","12,028","6,45M","-2,63%"
"10.06.1998","12,369","12,417","12,563","12,174","7,09M","-1,03%"
"09.06.1998","12,498","12,823","12,953","12,466","7,06M","-2,91%"
"08.06.1998","12,872","12,823","12,920","12,774","6,91M","1,15%"
"05.06.1998","12,726","12,628","12,742","12,547","4,72M","1,69%"
"04.06.1998","12,515","12,498","12,612","12,450","3,69M","-0,52%"
"03.06.1998","12,580","12,645","12,709","12,498","4,73M","-0,38%"
"02.06.1998","12,628","12,320","12,628","12,287","5,29M","2,23%"
"29.05.1998","12,352","12,645","12,709","12,336","8,40M","-2,06%"
"28.05.1998","12,612","12,645","12,645","12,271","9,06M","1,43%"
"27.05.1998","12,434","12,563","12,628","12,385","6,99M","-3,89%"
"26.05.1998","12,937","12,985","13,050","12,823","8,30M","-0,25%"
"25.05.1998","12,969","12,645","12,985","12,628","5,59M","2,56%"
"22.05.1998","12,645","12,304","12,661","12,287","5,07M","2,64%"
"21.05.1998","12,320","12,434","12,563","12,320","2,96M","0,00%"
"20.05.1998","12,320","12,174","12,417","12,174","5,23M","1,20%"
"19.05.1998","12,174","12,076","12,174","11,849","6,38M","0,95%"
"18.05.1998","12,060","12,174","12,255","12,060","4,24M","-2,11%"
"15.05.1998","12,320","12,482","12,596","12,304","6,40M","-0,40%"
"14.05.1998","12,369","12,093","12,417","12,060","5,59M","1,60%"
"13.05.1998","12,174","12,336","12,401","12,141","3,97M","-0,79%"
"12.05.1998","12,271","12,482","12,482","12,255","3,46M","-2,46%"
"11.05.1998","12,580","12,434","12,628","12,385","2,98M","1,57%"
"08.05.1998","12,385","12,385","12,612","12,239","4,18M","-0,13%"
"07.05.1998","12,401","12,434","12,515","12,255","5,57M","-1,55%"
"06.05.1998","12,596","12,466","12,742","12,385","5,31M","0,26%"
"05.05.1998","12,563","12,758","12,839","12,563","6,21M","-2,28%"
"04.05.1998","12,856","12,904","12,985","12,823","4,18M","1,02%"
"30.04.1998","12,726","12,239","12,937","12,125","8,72M","4,40%"
"29.04.1998","12,190","12,466","12,466","12,125","5,47M","-1,83%"
"28.04.1998","12,417","11,930","12,547","11,930","7,99M","4,50%"
"27.04.1998","11,882","12,255","12,255","11,865","6,56M","-3,56%"
"24.04.1998","12,320","12,336","12,434","12,125","13,17M","-1,04%"
"23.04.1998","12,450","12,872","12,920","12,336","10,37M","-3,76%"
"22.04.1998","12,937","13,099","13,099","12,872","5,85M","-1,12%"
"21.04.1998","13,083","12,937","13,099","12,888","5,14M","0,88%"
"20.04.1998","12,969","13,002","13,083","12,904","7,38M","0,00%"
"17.04.1998","12,969","12,628","12,985","12,482","6,98M","2,70%"
"16.04.1998","12,628","12,466","12,661","12,304","5,13M","1,04%"
"15.04.1998","12,498","12,645","12,661","12,417","6,71M","-0,65%"
"14.04.1998","12,580","12,434","12,985","12,417","10,42M","2,38%"
"08.04.1998","12,287","12,385","12,417","12,255","6,73M","-0,92%"
"07.04.1998","12,401","12,498","12,547","12,369","6,44M","-0,52%"
"06.04.1998","12,466","12,255","12,531","12,255","13,80M","1,05%"
"03.04.1998","12,336","12,336","12,369","12,239","8,38M","0,40%"
"02.04.1998","12,287","12,206","12,304","12,125","7,13M","0,66%"
"01.04.1998","12,206","11,995","12,206","11,833","7,48M","2,03%"
"31.03.1998","11,963","11,888","11,963","11,800","5,56M","0,41%"
"30.03.1998","11,914","11,849","11,947","11,784","5,82M","0,41%"
"27.03.1998","11,865","11,930","12,011","11,849","7,26M","-0,28%"
"26.03.1998","11,898","12,109","12,174","11,817","8,58M","-2,14%"
"25.03.1998","12,158","11,947","12,158","11,930","11,72M","2,61%"
"24.03.1998","11,849","11,606","11,914","11,606","9,94M","1,11%"
"23.03.1998","11,719","11,525","11,736","11,525","7,32M","1,40%"
"20.03.1998","11,557","11,297","11,638","11,281","11,49M","3,34%"
"18.03.1998","11,184","11,281","11,281","11,135","4,02M","-0,72%"
"17.03.1998","11,265","11,460","11,492","11,232","7,26M","-0,57%"
"16.03.1998","11,330","11,232","11,411","11,232","8,43M","0,87%"
"13.03.1998","11,232","11,249","11,346","11,184","8,24M","0,73%"
"12.03.1998","11,151","11,200","11,297","11,086","7,84M","-1,01%"
"11.03.1998","11,265","11,476","11,476","11,184","7,48M","-2,11%"
"10.03.1998","11,508","11,654","11,703","11,460","5,71M","-2,08%"
"09.03.1998","11,752","11,638","11,768","11,606","10,71M","0,42%"
"06.03.1998","11,703","11,281","11,703","11,249","7,43M","4,19%"
"05.03.1998","11,232","10,973","11,232","10,940","7,18M","-0,58%"
"04.03.1998","11,297","11,606","11,654","11,119","11,29M","-2,52%"
"03.03.1998","11,589","11,719","11,719","11,541","6,27M","-0,70%"
"02.03.1998","11,671","11,362","11,768","11,362","8,63M","2,28%"
"27.02.1998","11,411","11,573","11,638","11,297","8,93M","-1,13%"
"26.02.1998","11,541","11,687","11,768","11,492","7,65M","-0,56%"
"25.02.1998","11,606","11,378","11,638","11,346","8,58M","2,44%"
"24.02.1998","11,330","11,070","11,378","11,021","10,87M","2,65%"
"23.02.1998","11,038","11,038","11,167","10,973","10,26M","0,45%"
"20.02.1998","10,989","10,713","11,038","10,664","13,45M","3,51%"
"19.02.1998","10,616","10,388","10,713","10,388","10,85M","2,67%"
"18.02.1998","10,340","10,177","10,356","10,177","5,62M","1,27%"
"17.02.1998","10,210","10,161","10,242","10,096","4,49M","0,48%"
"16.02.1998","10,161","10,064","10,161","9,983","4,40M","0,96%"
"13.02.1998","10,064","10,064","10,129","9,999","7,72M","0,33%"
"12.02.1998","10,031","10,112","10,145","9,918","7,68M","0,32%"
"11.02.1998","9,999","9,723","9,999","9,707","9,90M","3,53%"
"10.02.1998","9,658","9,544","9,707","9,528","5,17M","0,51%"
"09.02.1998","9,609","9,707","9,739","9,593","7,37M","-1,17%"
"06.02.1998","9,723","9,625","9,723","9,544","7,20M","1,19%"
"05.02.1998","9,609","9,414","9,739","9,414","14,96M","3,49%"
"04.02.1998","9,285","8,944","9,285","8,927","11,89M","3,81%"
"03.02.1998","8,944","8,895","8,944","8,814","6,66M","0,73%"
"02.02.1998","8,879","8,927","8,927","8,846","5,18M","0,92%"
"30.01.1998","8,798","8,830","8,846","8,733","4,98M","-0,73%"
"29.01.1998","8,863","8,911","8,976","8,846","5,71M","-0,72%"
"28.01.1998","8,927","8,960","8,992","8,879","5,00M","0,00%"
"27.01.1998","8,927","8,781","8,927","8,716","7,14M","3,18%"
"26.01.1998","8,652","8,554","8,652","8,505","5,22M","0,96%"
"23.01.1998","8,570","8,522","8,652","8,505","5,78M","0,00%"
"22.01.1998","8,570","8,522","8,587","8,522","3,98M","-0,20%"
"21.01.1998","8,587","8,603","8,603","8,505","6,54M","0,20%"
"20.01.1998","8,570","8,603","8,652","8,522","5,74M","0,00%"
"19.01.1998","8,570","8,733","8,765","8,570","5,27M","-1,31%"
"16.01.1998","8,684","8,603","8,700","8,587","7,31M","1,13%"
"15.01.1998","8,587","8,522","8,587","8,473","2,41M","0,52%"
"14.01.1998","8,543","8,505","8,587","8,489","6,49M","1,41%"
"13.01.1998","8,424","8,278","8,441","8,197","9,13M","2,77%"
"12.01.1998","8,197","8,116","8,229","8,035","11,78M","-1,17%"
"09.01.1998","8,294","8,197","8,359","8,181","11,58M","0,39%"
"08.01.1998","8,262","8,311","8,424","8,165","7,73M","-0,39%"
"07.01.1998","8,294","8,197","8,327","8,132","7,85M","0,00%"
"05.01.1998","8,294","8,116","8,343","8,100","7,04M","2,19%"
"02.01.1998","8,116","7,962","8,132","7,929","5,62M","1,42%"
"31.12.1997","8,002","7,872","8,035","7,872","7,62M","1,86%"
"30.12.1997","7,856","7,791","7,864","7,767","6,71M","0,83%"
"29.12.1997","7,791","7,548","7,791","7,548","9,23M","3,56%"
"26.12.1997","7,523","7,467","7,523","7,434","7,86M","0,00%"
"23.12.1997","7,523","7,532","7,588","7,426","13,28M","0,21%"
"22.12.1997","7,507","7,321","7,515","7,288","5,32M","0,98%"
"19.12.1997","7,434","7,467","7,499","7,345","13,73M","-2,86%"
"18.12.1997","7,653","7,613","7,678","7,613","9,60M","0,53%"
"17.12.1997","7,613","7,629","7,637","7,580","5,94M","0,22%"
"16.12.1997","7,596","7,532","7,613","7,507","5,93M","2,18%"
"15.12.1997","7,434","7,353","7,458","7,312","4,01M","2,00%"
"12.12.1997","7,288","7,353","7,377","7,247","7,90M","-0,45%"
"11.12.1997","7,321","7,385","7,418","7,256","4,81M","-3,31%"
"10.12.1997","7,572","7,572","7,605","7,523","5,33M","-0,75%"
"09.12.1997","7,629","7,613","7,669","7,580","5,12M","0,21%"
"05.12.1997","7,613","7,548","7,621","7,483","3,54M","0,44%"
"04.12.1997","7,580","7,450","7,637","7,450","6,95M","1,74%"
"03.12.1997","7,450","7,450","7,483","7,402","3,96M","-0,76%"
"02.12.1997","7,507","7,442","7,523","7,426","5,12M","0,66%"
"01.12.1997","7,458","7,402","7,467","7,369","4,98M","2,00%"
"28.11.1997","7,312","7,321","7,353","7,288","5,34M","-1,11%"
"27.11.1997","7,394","7,410","7,475","7,280","6,20M","0,12%"
"26.11.1997","7,385","7,223","7,434","7,191","9,70M","3,40%"
"25.11.1997","7,142","7,061","7,158","7,036","5,75M","0,80%"
"24.11.1997","7,085","7,012","7,134","7,012","9,05M","-2,13%"
"21.11.1997","7,239","7,109","7,256","7,045","12,10M","2,06%"
"20.11.1997","7,093","6,785","7,093","6,761","11,57M","6,33%"
"19.11.1997","6,671","6,501","6,679","6,501","5,96M","0,48%"
"18.11.1997","6,639","6,501","6,655","6,493","6,59M","1,36%"
"17.11.1997","6,550","6,395","6,550","6,395","6,62M","4,82%"
"14.11.1997","6,249","6,192","6,290","6,192","6,57M","1,71%"
"13.11.1997","6,144","5,957","6,192","5,925","7,43M","2,57%"
"12.11.1997","5,990","6,006","6,038","5,860","6,84M","-1,46%"
"11.11.1997","6,079","6,144","6,160","6,006","7,26M","-1,82%"
"10.11.1997","6,192","6,306","6,306","6,144","3,90M","-1,93%"
"07.11.1997","6,314","6,314","6,314","6,127","9,38M","-1,14%"
"06.11.1997","6,387","6,485","6,509","6,379","5,36M","-1,99%"
"05.11.1997","6,517","6,460","6,517","6,428","5,99M","0,88%"
"04.11.1997","6,460","6,444","6,517","6,420","6,86M","0,25%"
"03.11.1997","6,444","6,493","6,501","6,387","8,72M","2,06%"
"31.10.1997","6,314","6,493","6,566","6,201","13,16M","-3,11%"
"30.10.1997","6,517","6,501","6,541","6,265","11,18M","-1,11%"
"29.10.1997","6,590","6,574","6,736","6,412","17,20M","6,70%"
"28.10.1997","6,176","5,551","6,176","5,551","23,33M","-5,35%"
"27.10.1997","6,525","6,736","6,736","6,452","12,16M","-5,41%"
"24.10.1997","6,898","7,077","7,150","6,858","7,87M","-1,51%"
"23.10.1997","7,004","7,069","7,183","6,850","11,76M","-3,47%"
"22.10.1997","7,256","7,353","7,426","7,183","6,70M","-0,44%"
"21.10.1997","7,288","7,036","7,304","6,988","5,93M","5,39%"
"20.10.1997","6,915","6,801","6,955","6,744","4,95M","0,25%"
"17.10.1997","6,898","6,939","6,980","6,874","5,93M","-2,20%"
"16.10.1997","7,053","6,980","7,085","6,898","6,13M","0,47%"
"15.10.1997","7,020","6,980","7,061","6,923","4,70M","-0,81%"
"14.10.1997","7,077","7,093","7,109","6,988","2,59M","0,11%"
"13.10.1997","7,069","7,118","7,126","6,996","3,55M","0,81%"
"10.10.1997","7,012","7,077","7,077","6,898","7,16M","-1,60%"
"09.10.1997","7,126","7,215","7,231","6,834","9,35M","-2,22%"
"08.10.1997","7,288","7,491","7,491","7,223","7,02M","-3,02%"
"07.10.1997","7,515","7,507","7,523","7,296","4,40M","0,87%"
"06.10.1997","7,450","7,645","7,645","7,442","3,26M","-2,65%"
"03.10.1997","7,653","7,523","7,710","7,434","4,22M","1,50%"
"02.10.1997","7,540","7,596","7,629","7,532","5,18M","-1,06%"
"01.10.1997","7,621","7,450","7,621","7,402","4,55M","2,19%"
"30.09.1997","7,458","7,345","7,458","7,321","6,00M","2,11%"
"29.09.1997","7,304","7,304","7,361","7,264","4,71M","0,00%"
"26.09.1997","7,304","7,142","7,304","7,109","14,47M","1,93%"
"25.09.1997","7,166","7,126","7,207","7,126","2,64M","-0,68%"
"24.09.1997","7,215","7,101","7,215","7,093","5,50M","1,02%"
"23.09.1997","7,142","7,142","7,158","7,093","3,84M","-0,11%"
"22.09.1997","7,150","7,109","7,158","7,093","8,98M","0,58%"
"19.09.1997","7,109","7,061","7,109","7,020","6,80M","0,68%"
"18.09.1997","7,061","6,923","7,093","6,898","6,28M","2,11%"
"17.09.1997","6,915","6,972","6,980","6,874","13,06M","-0,35%"
"16.09.1997","6,939","6,761","6,939","6,752","7,35M","1,91%"
"15.09.1997","6,809","6,671","6,817","6,671","4,13M","2,44%"
"12.09.1997","6,647","6,655","6,777","6,590","3,46M","0,12%"
"11.09.1997","6,639","6,639","6,687","6,590","2,70M","-1,21%"
"10.09.1997","6,720","6,817","6,842","6,696","4,20M","-1,31%"
"09.09.1997","6,809","6,809","6,817","6,769","1,01M","0,35%"
"08.09.1997","6,785","6,777","6,793","6,736","6,19M","0,12%"
"05.09.1997","6,777","6,704","6,825","6,687","3,94M","1,21%"
"04.09.1997","6,696","6,671","6,728","6,631","3,31M","-0,12%"
"03.09.1997","6,704","6,785","6,817","6,671","4,83M","0,74%"
"02.09.1997","6,655","6,590","6,655","6,558","3,33M","1,74%"
"01.09.1997","6,541","6,509","6,558","6,485","4,20M","0,62%"
"29.08.1997","6,501","6,525","6,525","6,460","6,20M","-0,37%"
"28.08.1997","6,525","6,606","6,614","6,493","5,12M","-0,75%"
"27.08.1997","6,574","6,509","6,655","6,509","4,67M","0,00%"
"26.08.1997","6,574","6,655","6,655","6,533","2,67M","-1,22%"
"25.08.1997","6,655","6,704","6,720","6,558","1,59M","-0,24%"
"22.08.1997","6,671","6,687","6,728","6,558","3,44M","-1,08%"
"21.08.1997","6,744","6,817","6,850","6,696","3,08M","-0,72%"
"20.08.1997","6,793","6,728","6,793","6,696","5,24M","2,32%"
"19.08.1997","6,639","6,639","6,671","6,574","29,40M","1,87%"
"18.08.1997","6,517","6,493","6,590","6,476","8,00M","-3,48%"
"14.08.1997","6,752","6,801","6,801","6,720","4,89M","-0,72%"
"13.08.1997","6,801","6,801","6,858","6,744","4,02M","-0,83%"
"12.08.1997","6,858","6,874","6,890","6,809","4,16M","0,35%"
"11.08.1997","6,834","6,736","6,850","6,736","3,61M","-0,23%"
"08.08.1997","6,850","6,882","6,882","6,777","6,30M","-1,51%"
"07.08.1997","6,955","6,817","7,028","6,809","8,63M","2,63%"
"06.08.1997","6,777","6,403","6,777","6,330","8,93M","6,11%"
"05.08.1997","6,387","6,428","6,452","6,306","8,13M","-0,25%"
"04.08.1997","6,403","6,428","6,460","6,298","6,00M","-1,39%"
"01.08.1997","6,493","6,623","6,623","6,444","5,58M","-1,35%"
"31.07.1997","6,582","6,736","6,752","6,501","5,03M","-0,86%"
"30.07.1997","6,639","6,525","6,639","6,452","5,18M","3,03%"
"29.07.1997","6,444","6,639","6,655","6,355","7,51M","-2,94%"
"28.07.1997","6,639","6,882","6,882","6,574","6,20M","-2,61%"
"25.07.1997","6,817","6,801","6,874","6,769","595,05K","0,47%"
"24.07.1997","6,785","6,996","6,996","6,655","7,32M","-3,57%"
"23.07.1997","7,036","7,256","7,272","6,996","8,26M","0,69%"
"22.07.1997","6,988","6,801","6,988","6,769","5,66M","3,74%"
"21.07.1997","6,736","6,785","6,931","6,606","6,70M","-2,81%"
"18.07.1997","6,931","7,099","7,137","6,871","11,03M","-2,65%"
"17.07.1997","7,120","7,304","7,304","7,055","7,76M","-1,36%"
"16.07.1997","7,218","7,034","7,250","7,012","8,69M","3,10%"
"15.07.1997","7,001","7,028","7,066","6,974","5,89M","-0,31%"
"14.07.1997","7,023","6,990","7,023","6,958","4,88M","1,33%"
"11.07.1997","6,931","6,898","6,974","6,898","4,69M","0,62%"
"10.07.1997","6,888","6,926","6,947","6,877","5,23M","-1,16%"
"09.07.1997","6,969","6,855","6,996","6,844","7,63M","1,90%"
"08.07.1997","6,839","6,828","6,942","6,801","5,06M","0,07%"
"07.07.1997","6,834","6,709","6,839","6,677","5,46M","1,77%"
"04.07.1997","6,715","6,698","6,731","6,682","5,37M","0,09%"
"03.07.1997","6,709","6,655","6,725","6,606","6,79M","0,98%"
"02.07.1997","6,644","6,612","6,650","6,547","6,85M","1,31%"
"01.07.1997","6,558","6,476","6,558","6,471","5,75M","1,27%"
"30.06.1997","6,476","6,552","6,568","6,460","7,07M","-0,92%"
"27.06.1997","6,536","6,563","6,568","6,460","6,49M","-0,17%"
"26.06.1997","6,547","6,493","6,595","6,493","8,56M","0,92%"
"25.06.1997","6,487","6,395","6,504","6,395","9,81M","2,38%"
"24.06.1997","6,336","6,233","6,363","6,233","6,68M","0,25%"
"23.06.1997","6,320","6,276","6,320","6,265","5,48M","1,48%"
"20.06.1997","6,228","6,179","6,255","6,179","17,51M","1,33%"
"19.06.1997","6,146","6,092","6,157","6,060","6,09M","1,79%"
"18.06.1997","6,038","6,000","6,060","5,984","8,18M","0,63%"
"17.06.1997","6,000","6,152","6,184","5,984","7,48M","-2,22%"
"16.06.1997","6,136","6,195","6,217","6,114","7,82M","-0,78%"
"13.06.1997","6,184","6,211","6,260","6,157","7,58M","0,18%"
"12.06.1997","6,173","6,109","6,173","6,092","11,33M","1,51%"
"11.06.1997","6,081","6,027","6,109","6,017","7,71M","1,62%"
"10.06.1997","5,984","5,962","6,017","5,935","6,59M","-0,37%"
"09.06.1997","6,006","6,071","6,103","5,941","9,19M","0,45%"
"06.06.1997","5,979","5,854","6,006","5,854","9,19M","2,33%"
"05.06.1997","5,843","5,735","5,843","5,714","7,22M","1,60%"
"04.06.1997","5,751","5,735","5,762","5,681","8,54M","0,84%"
"03.06.1997","5,703","5,605","5,708","5,605","8,15M","2,33%"
"02.06.1997","5,573","5,519","5,616","5,470","11,00M","0,60%"
"30.05.1997","5,540","5,470","5,616","5,454","11,16M","1,37%"
"29.05.1997","5,465","5,465","5,513","5,454","8,67M","-0,98%"
"28.05.1997","5,519","5,681","5,697","5,470","21,76M","-2,39%"
"27.05.1997","5,654","5,622","5,692","5,611","12,16M","1,45%"
"26.05.1997","5,573","5,465","5,616","5,454","15,37M","2,90%"
"23.05.1997","5,416","5,438","5,443","5,394","25,05M","-0,79%"
"22.05.1997","5,459","5,573","5,584","5,454","9,46M","-2,43%"
"21.05.1997","5,595","5,605","5,643","5,573","9,23M","1,18%"
"20.05.1997","5,530","5,540","5,605","5,524","6,81M","-0,58%"
"19.05.1997","5,562","5,573","5,584","5,530","2,13M","-1,07%"
"16.05.1997","5,622","5,681","5,681","5,589","12,07M","-0,95%"
"15.05.1997","5,676","5,681","5,681","5,622","1,05M","-0,09%"
"14.05.1997","5,681","5,687","5,730","5,622","5,89M","0,00%"
"13.05.1997","5,681","5,643","5,697","5,638","6,99M","1,45%"
"12.05.1997","5,600","5,508","5,649","5,508","6,42M","1,47%"
"09.05.1997","5,519","5,438","5,519","5,438","5,95M","1,49%"
"08.05.1997","5,438","5,356","5,438","5,340","3,83M","0,61%"
"07.05.1997","5,405","5,427","5,443","5,373","3,94M","-0,61%"
"06.05.1997","5,438","5,503","5,540","5,411","8,57M","-0,49%"
"05.05.1997","5,465","5,421","5,470","5,405","8,18M","1,32%"
"02.05.1997","5,394","5,324","5,400","5,324","957,25K","1,31%"
"30.04.1997","5,324","5,243","5,356","5,178","8,52M","2,82%"
"29.04.1997","5,178","5,053","5,200","5,043","5,56M","2,68%"
"28.04.1997","5,043","5,043","5,059","5,010","2,13M","0,12%"
"25.04.1997","5,037","5,032","5,043","4,999","3,81M","-0,75%"
"24.04.1997","5,075","5,086","5,091","5,032","5,47M","-0,22%"
"23.04.1997","5,086","5,059","5,102","5,043","7,90M","1,52%"
"22.04.1997","5,010","4,951","5,010","4,924","5,41M","0,99%"
"21.04.1997","4,961","4,842","4,961","4,832","7,78M","1,99%"
"18.04.1997","4,864","4,848","4,870","4,815","5,92M","-0,23%"
"17.04.1997","4,875","4,864","4,907","4,815","9,58M","1,12%"
"16.04.1997","4,821","4,729","4,821","4,707","7,70M","1,95%"
"15.04.1997","4,729","4,686","4,745","4,680","8,85M","1,74%"
"14.04.1997","4,648","4,599","4,648","4,572","6,12M","0,00%"
"11.04.1997","4,648","4,680","4,696","4,631","7,94M","-0,34%"
"10.04.1997","4,664","4,653","4,702","4,631","4,56M","-1,48%"
"09.04.1997","4,734","4,691","4,745","4,691","7,87M","1,50%"
"08.04.1997","4,664","4,664","4,691","4,642","4,74M","-0,34%"
"07.04.1997","4,680","4,604","4,696","4,599","4,74M","2,36%"
"04.04.1997","4,572","4,518","4,572","4,496","3,76M","1,69%"
"03.04.1997","4,496","4,491","4,518","4,485","6,03M","-0,84%"
"02.04.1997","4,534","4,572","4,583","4,518","6,76M","-0,24%"
"01.04.1997","4,545","4,599","4,599","4,496","6,78M","-2,09%"
"31.03.1997","4,642","4,631","4,642","4,615","1,97M","-0,36%"
"26.03.1997","4,659","4,594","4,675","4,588","7,52M","1,90%"
"25.03.1997","4,572","4,594","4,615","4,567","7,55M","0,35%"
"24.03.1997","4,556","4,583","4,594","4,523","7,17M","-0,46%"
"21.03.1997","4,577","4,594","4,594","4,545","11,79M","0,00%"
"20.03.1997","4,577","4,669","4,680","4,556","5,48M","-2,33%"
"19.03.1997","4,686","4,713","4,723","4,664","3,31M","-0,21%"
"18.03.1997","4,696","4,734","4,761","4,675","5,50M","-1,26%"
"17.03.1997","4,756","4,810","4,832","4,729","5,22M","-1,12%"
"14.03.1997","4,810","4,750","4,821","4,713","8,24M","0,10%"
"13.03.1997","4,805","4,734","4,842","4,702","6,53M","1,61%"
"12.03.1997","4,729","4,734","4,778","4,702","6,24M","-0,34%"
"11.03.1997","4,745","4,832","4,853","4,718","6,64M","-0,69%"
"10.03.1997","4,778","4,648","4,778","4,642","7,63M","2,93%"
"07.03.1997","4,642","4,545","4,642","4,523","4,98M","2,38%"
"06.03.1997","4,534","4,561","4,583","4,518","9,49M","-0,35%"
"05.03.1997","4,550","4,545","4,567","4,507","5,95M","0,00%"
"04.03.1997","4,550","4,556","4,561","4,539","5,26M","0,60%"
"03.03.1997","4,523","4,545","4,556","4,502","4,97M","-1,07%"
"28.02.1997","4,572","4,610","4,610","4,534","7,97M","-0,93%"
"27.02.1997","4,615","4,556","4,621","4,545","4,85M","0,70%"
"26.02.1997","4,583","4,604","4,621","4,556","4,04M","-0,82%"
"25.02.1997","4,621","4,626","4,637","4,588","7,04M","0,37%"
"24.02.1997","4,604","4,648","4,653","4,572","7,16M","-1,29%"
"21.02.1997","4,664","4,669","4,691","4,648","8,94M","-0,58%"
"20.02.1997","4,691","4,734","4,734","4,675","4,31M","-1,47%"
"19.02.1997","4,761","4,810","4,815","4,750","3,72M","-0,56%"
"18.02.1997","4,788","4,859","4,875","4,745","5,28M","-0,79%"
"17.02.1997","4,826","4,778","4,826","4,761","3,52M","0,90%"
"14.02.1997","4,783","4,750","4,783","4,740","5,19M","1,04%"
"13.02.1997","4,734","4,707","4,734","4,696","4,44M","1,50%"
"12.02.1997","4,664","4,604","4,669","4,599","4,30M","1,41%"
"11.02.1997","4,599","4,567","4,599","4,567","2,70M","0,59%"
"10.02.1997","4,572","4,545","4,621","4,545","4,25M","-0,59%"
"07.02.1997","4,599","4,550","4,599","4,534","7,04M","1,43%"
"06.02.1997","4,534","4,534","4,534","4,480","8,19M","-0,11%"
"05.02.1997","4,539","4,491","4,561","4,491","4,80M","0,22%"
"04.02.1997","4,529","4,534","4,567","4,518","4,96M","-0,11%"
"03.02.1997","4,534","4,485","4,550","4,485","5,33M","-0,48%"
"31.01.1997","4,556","4,393","4,621","4,350","10,73M","4,21%"
"30.01.1997","4,372","4,328","4,383","4,328","5,62M","1,39%"
"29.01.1997","4,312","4,296","4,328","4,236","9,61M","-0,25%"
"28.01.1997","4,323","4,220","4,323","4,199","7,45M","2,56%"
"27.01.1997","4,215","4,199","4,236","4,128","7,91M","-0,26%"
"24.01.1997","4,226","4,226","4,264","4,209","8,18M","-1,26%"
"23.01.1997","4,280","4,253","4,312","4,236","9,29M","0,38%"
"22.01.1997","4,264","4,307","4,356","4,264","8,42M","-0,86%"
"21.01.1997","4,301","4,253","4,301","4,209","7,97M","1,13%"
"20.01.1997","4,253","4,215","4,318","4,215","7,36M","1,94%"
"17.01.1997","4,172","4,053","4,172","4,031","12,00M","4,07%"
"16.01.1997","4,009","3,912","4,015","3,912","8,99M","2,19%"
"15.01.1997","3,923","3,912","3,944","3,906","12,08M","0,85%"
"14.01.1997","3,890","3,961","3,966","3,890","7,91M","-1,79%"
"13.01.1997","3,961","3,950","3,977","3,944","6,27M","0,84%"
"10.01.1997","3,928","3,950","3,977","3,885","5,21M","-0,41%"
"09.01.1997","3,944","3,944","3,950","3,885","8,67M","-0,28%"
"08.01.1997","3,955","3,869","3,977","3,863","15,66M","2,81%"
"07.01.1997","3,847","3,831","3,858","3,820","8,26M","2,02%"
"03.01.1997","3,771","3,706","3,777","3,706","6,73M","1,59%"
"02.01.1997","3,712","3,739","3,777","3,695","4,39M","-2,14%"
"31.12.1996","3,793","3,793","3,820","3,760","6,15M","0,16%"
"30.12.1996","3,787","3,798","3,820","3,782","6,53M","0,00%"
"27.12.1996","3,787","3,782","3,869","3,744","8,19M","0,42%"
"26.12.1996","3,771","3,679","3,782","3,668","6,80M","2,64%"
"23.12.1996","3,674","3,787","3,787","3,663","5,20M","0,44%"
"20.12.1996","3,658","3,679","3,706","3,647","13,70M","0,91%"
"19.12.1996","3,625","3,582","3,625","3,582","10,75M","0,89%"
"18.12.1996","3,593","3,544","3,620","3,533","8,04M","2,48%"
"17.12.1996","3,506","3,517","3,544","3,495","3,65M","-1,07%"
"16.12.1996","3,544","3,511","3,544","3,490","6,48M","2,19%"
"13.12.1996","3,468","3,474","3,484","3,447","7,01M","-1,39%"
"12.12.1996","3,517","3,555","3,560","3,511","7,94M","-1,21%"
"11.12.1996","3,560","3,571","3,582","3,555","4,18M","-1,06%"
"10.12.1996","3,598","3,625","3,630","3,587","5,10M","0,00%"
"09.12.1996","3,598","3,571","3,609","3,560","5,48M","-0,44%"
"05.12.1996","3,614","3,603","3,630","3,582","3,56M","-0,17%"
"04.12.1996","3,620","3,582","3,620","3,576","2,38M","0,17%"
"03.12.1996","3,614","3,582","3,636","3,582","4,76M","1,20%"
"02.12.1996","3,571","3,539","3,571","3,528","5,72M","0,76%"
"29.11.1996","3,544","3,528","3,555","3,522","5,89M","0,45%"
"28.11.1996","3,528","3,501","3,544","3,468","5,12M","0,48%"
"27.11.1996","3,511","3,539","3,544","3,490","4,72M","-1,24%"
"26.11.1996","3,555","3,560","3,576","3,549","2,71M","-0,14%"
"25.11.1996","3,560","3,544","3,566","3,544","3,56M","0,31%"
"22.11.1996","3,549","3,533","3,555","3,528","3,24M","-0,17%"
"21.11.1996","3,555","3,560","3,560","3,539","2,36M","-0,14%"
"20.11.1996","3,560","3,571","3,587","3,555","3,27M","-0,17%"
"19.11.1996","3,566","3,539","3,566","3,517","2,49M","0,48%"
"18.11.1996","3,549","3,544","3,555","3,533","2,73M","0,00%"
"15.11.1996","3,549","3,533","3,549","3,490","8,59M","0,77%"
"14.11.1996","3,522","3,528","3,549","3,511","1,84M","0,00%"
"13.11.1996","3,522","3,517","3,522","3,501","2,46M","0,31%"
"12.11.1996","3,511","3,495","3,528","3,495","3,38M","0,46%"
"11.11.1996","3,495","3,479","3,506","3,474","1,53M","0,00%"
"08.11.1996","3,495","3,463","3,517","3,463","5,63M","1,10%"
"07.11.1996","3,457","3,436","3,457","3,425","1,89M","0,46%"
"06.11.1996","3,441","3,436","3,457","3,414","3,55M","1,27%"
"05.11.1996","3,398","3,376","3,403","3,376","3,86M","0,65%"
"04.11.1996","3,376","3,355","3,376","3,344","2,86M","0,63%"
"31.10.1996","3,355","3,333","3,360","3,322","3,18M","0,66%"
"30.10.1996","3,333","3,355","3,365","3,322","4,18M","-0,48%"
"29.10.1996","3,349","3,328","3,349","3,311","4,84M","-0,33%"
"28.10.1996","3,360","3,333","3,365","3,333","4,04M","0,00%"
"25.10.1996","3,360","3,338","3,360","3,338","3,41M","0,00%"
"24.10.1996","3,360","3,322","3,360","3,322","2,59M","0,81%"
"23.10.1996","3,333","3,311","3,344","3,306","3,49M","-0,15%"
"22.10.1996","3,338","3,279","3,344","3,268","5,23M","1,99%"
"21.10.1996","3,273","3,208","3,273","3,208","7,14M","1,49%"
"18.10.1996","3,225","3,198","3,230","3,198","4,86M","0,69%"
"17.10.1996","3,203","3,144","3,214","3,138","3,38M","1,20%"
"16.10.1996","3,165","3,176","3,187","3,149","3,04M","-0,69%"
"15.10.1996","3,187","3,171","3,198","3,171","3,09M","0,70%"
"14.10.1996","3,165","3,160","3,165","3,133","2,29M","0,00%"
"11.10.1996","3,165","3,192","3,192","3,160","1,79M","-0,69%"
"10.10.1996","3,187","3,187","3,203","3,160","2,87M","-0,84%"
"09.10.1996","3,214","3,236","3,236","3,192","4,27M","-0,50%"
"08.10.1996","3,230","3,230","3,236","3,214","3,63M","-0,19%"
"07.10.1996","3,236","3,214","3,246","3,208","5,21M","1,03%"
"04.10.1996","3,203","3,203","3,214","3,181","4,77M","-0,84%"
"03.10.1996","3,230","3,236","3,246","3,214","3,02M","0,00%"
"02.10.1996","3,230","3,219","3,230","3,214","2,63M","0,50%"
"01.10.1996","3,214","3,208","3,219","3,192","2,97M","0,34%"
"30.09.1996","3,203","3,171","3,208","3,171","2,99M","0,69%"
"27.09.1996","3,181","3,214","3,219","3,165","4,17M","-1,03%"
"26.09.1996","3,214","3,192","3,214","3,165","6,46M","1,55%"
"25.09.1996","3,165","3,127","3,165","3,127","4,03M","1,74%"
"24.09.1996","3,111","3,084","3,116","3,073","2,13M","0,88%"
"23.09.1996","3,084","3,073","3,095","3,073","2,91M","0,16%"
"20.09.1996","3,079","3,079","3,084","3,057","6,22M","0,36%"
"19.09.1996","3,068","3,046","3,073","3,041","2,69M","0,52%"
"18.09.1996","3,052","3,030","3,073","3,025","4,58M","0,56%"
"17.09.1996","3,035","3,003","3,057","2,992","11,83M","1,07%"
"16.09.1996","3,003","2,976","3,014","2,976","4,49M","0,74%"
"13.09.1996","2,981","2,965","2,992","2,960","4,24M","1,29%"
"12.09.1996","2,943","2,889","2,943","2,878","3,72M","2,05%"
"11.09.1996","2,884","2,868","2,889","2,862","937,51K","-0,17%"
"10.09.1996","2,889","2,878","2,916","2,878","2,90M","0,94%"
"09.09.1996","2,862","2,835","2,862","2,824","1,80M","1,35%"
"06.09.1996","2,824","2,813","2,835","2,786","2,31M","0,00%"
"05.09.1996","2,824","2,846","2,846","2,797","2,95M","-0,60%"
"04.09.1996","2,841","2,835","2,851","2,835","1,67M","0,21%"
"03.09.1996","2,835","2,835","2,835","2,808","1,69M","-0,39%"
"02.09.1996","2,846","2,851","2,851","2,830","982,07K","0,00%"
"30.08.1996","2,846","2,851","2,857","2,830","2,62M","-0,56%"
"29.08.1996","2,862","2,868","2,868","2,846","1,57M","-0,21%"
"28.08.1996","2,868","2,878","2,878","2,857","1,65M","-0,17%"
"27.08.1996","2,873","2,851","2,884","2,846","2,28M","0,56%"
"26.08.1996","2,857","2,862","2,873","2,851","838,44K","-0,73%"
"23.08.1996","2,878","2,873","2,878","2,851","1,76M","0,35%"
"22.08.1996","2,868","2,813","2,868","2,808","2,90M","1,96%"
"21.08.1996","2,813","2,824","2,830","2,803","3,07M","-0,60%"
"20.08.1996","2,830","2,792","2,830","2,786","5,40M","1,36%"
"19.08.1996","2,792","2,813","2,813","2,776","3,11M","-0,57%"
"16.08.1996","2,808","2,841","2,857","2,808","5,99M","-1,16%"
"14.08.1996","2,841","2,857","2,857","2,835","4,33M","-1,11%"
"13.08.1996","2,873","2,868","2,889","2,862","1,37M","0,00%"
"12.08.1996","2,873","2,862","2,873","2,851","868,32K","-0,17%"
"09.08.1996","2,878","2,911","2,911","2,868","2,32M","-1,51%"
"08.08.1996","2,922","2,922","2,938","2,905","1,41M","0,00%"
"07.08.1996","2,922","2,927","2,927","2,905","1,74M","-0,17%"
"06.08.1996","2,927","2,933","2,933","2,916","12,85M","-0,54%"
"05.08.1996","2,943","2,933","2,954","2,927","1,85M","0,55%"
"02.08.1996","2,927","2,884","2,938","2,868","3,13M","1,88%"
"01.08.1996","2,873","2,868","2,884","2,846","3,83M","0,56%"
"31.07.1996","2,857","2,878","2,878","2,835","6,18M","-0,94%"
"30.07.1996","2,884","2,873","2,911","2,862","3,17M","-0,93%"
"29.07.1996","2,911","2,954","2,954","2,895","2,90M","-1,46%"
"26.07.1996","2,954","2,976","2,976","2,922","3,00M","-0,74%"
"25.07.1996","2,976","2,938","2,976","2,933","2,63M","1,47%"
"24.07.1996","2,933","2,933","2,943","2,916","2,57M","-1,08%"
"23.07.1996","2,965","2,911","2,965","2,905","2,61M","1,68%"
"22.07.1996","2,916","2,905","2,933","2,900","2,74M","-1,12%"
"19.07.1996","2,949","2,965","2,987","2,943","5,12M","0,00%"
"18.07.1996","2,949","2,873","2,949","2,873","7,97M","2,82%"
"17.07.1996","2,868","2,868","2,878","2,846","3,30M","0,95%"
"16.07.1996","2,841","2,830","2,878","2,824","5,44M","-1,49%"
"15.07.1996","2,884","2,884","2,889","2,846","7,95M","0,00%"
"12.07.1996","2,884","2,884","2,905","2,878","2,70M","-1,10%"
"11.07.1996","2,916","2,911","2,927","2,895","1,74M","-0,21%"
"10.07.1996","2,922","2,938","2,938","2,911","4,07M","-0,54%"
"09.07.1996","2,938","2,884","2,949","2,884","5,58M","1,87%"
"08.07.1996","2,884","2,846","2,884","2,841","3,59M","0,38%"
"05.07.1996","2,873","2,911","2,916","2,851","3,50M","-1,31%"
"04.07.1996","2,911","2,884","2,922","2,884","2,68M","0,94%"
"03.07.1996","2,884","2,862","2,889","2,846","1,90M","0,77%"
"02.07.1996","2,862","2,868","2,900","2,846","4,61M","-0,21%"
"01.07.1996","2,868","2,813","2,873","2,803","4,61M","2,14%"
"28.06.1996","2,808","2,754","2,813","2,743","6,04M","2,37%"
"27.06.1996","2,743","2,754","2,754","2,738","2,72M","-0,80%"
"26.06.1996","2,765","2,759","2,765","2,749","2,54M","0,00%"
"25.06.1996","2,765","2,786","2,808","2,754","3,40M","-0,18%"
"24.06.1996","2,770","2,754","2,781","2,749","3,10M","0,76%"
"21.06.1996","2,749","2,743","2,759","2,738","3,74M","0,22%"
"20.06.1996","2,743","2,738","2,765","2,732","3,69M","-0,58%"
"19.06.1996","2,759","2,743","2,792","2,732","9,17M","0,77%"
"18.06.1996","2,738","2,657","2,759","2,657","9,24M","2,24%"
"17.06.1996","2,678","2,673","2,678","2,657","4,41M","0,41%"
"14.06.1996","2,667","2,657","2,670","2,646","1,75M","-0,22%"
"13.06.1996","2,673","2,673","2,676","2,651","2,18M","-0,19%"
"12.06.1996","2,678","2,659","2,678","2,659","3,70M","0,71%"
"11.06.1996","2,659","2,632","2,659","2,621","2,91M","0,61%"
"10.06.1996","2,643","2,621","2,643","2,621","1,46M","0,84%"
"07.06.1996","2,621","2,630","2,646","2,597","3,05M","-0,42%"
"06.06.1996","2,632","2,624","2,632","2,621","2,34M","0,80%"
"05.06.1996","2,611","2,608","2,619","2,605","2,51M","0,12%"
"04.06.1996","2,608","2,613","2,616","2,600","3,09M","-0,19%"
"03.06.1996","2,613","2,632","2,638","2,602","2,36M","-0,72%"
"31.05.1996","2,632","2,630","2,640","2,624","1,92M","-0,11%"
"30.05.1996","2,635","2,640","2,643","2,632","2,67M","-0,83%"
"29.05.1996","2,657","2,662","2,662","2,646","2,08M","-0,37%"
"28.05.1996","2,667","2,651","2,681","2,646","4,89M","0,38%"
"27.05.1996","2,657","2,651","2,657","2,643","733,30K","0,11%"
"24.05.1996","2,654","2,638","2,654","2,632","1,73M","0,23%"
"23.05.1996","2,648","2,632","2,648","2,632","2,08M","0,49%"
"22.05.1996","2,635","2,646","2,646","2,627","2,19M","-0,72%"
"21.05.1996","2,654","2,651","2,654","2,643","1,66M","-0,11%"
"20.05.1996","2,657","2,646","2,665","2,643","2,05M","0,42%"
"17.05.1996","2,646","2,627","2,651","2,613","2,60M","0,61%"
"16.05.1996","2,630","2,611","2,630","2,611","1,07M","-0,19%"
"15.05.1996","2,635","2,627","2,635","2,613","487,01K","0,11%"
"14.05.1996","2,632","2,643","2,643","2,613","3,05M","-0,30%"
"13.05.1996","2,640","2,621","2,640","2,619","2,09M","0,61%"
"10.05.1996","2,624","2,573","2,624","2,573","41,82M","1,67%"
"09.05.1996","2,581","2,565","2,589","2,554","2,47M","0,43%"
"08.05.1996","2,570","2,586","2,586","2,554","2,44M","-0,54%"
"07.05.1996","2,584","2,594","2,597","2,578","2,90M","-0,50%"
"06.05.1996","2,597","2,594","2,597","2,584","1,23M","-0,12%"
"03.05.1996","2,600","2,597","2,600","2,578","3,73M","-0,73%"
"02.05.1996","2,619","2,621","2,621","2,602","626,52K","0,11%"
"30.04.1996","2,616","2,627","2,632","2,602","7,66M","-1,02%"
"29.04.1996","2,643","2,638","2,667","2,630","8,41M","-0,71%"
"26.04.1996","2,662","2,665","2,670","2,651","1,95M","-0,19%"
"25.04.1996","2,667","2,651","2,667","2,651","1,44M","0,00%"
"24.04.1996","2,667","2,657","2,670","2,654","2,34M","0,08%"
"23.04.1996","2,665","2,670","2,686","2,657","4,40M","-0,60%"
"22.04.1996","2,681","2,659","2,681","2,659","4,21M","0,83%"
"19.04.1996","2,659","2,632","2,659","2,632","3,91M","1,03%"
"18.04.1996","2,632","2,635","2,678","2,619","6,67M","-0,11%"
"17.04.1996","2,635","2,608","2,635","2,608","2,35M","0,11%"
"16.04.1996","2,632","2,621","2,646","2,619","2,91M","0,92%"
"15.04.1996","2,608","2,581","2,608","2,581","2,89M","1,28%"
"12.04.1996","2,575","2,556","2,575","2,543","2,16M","1,14%"
"11.04.1996","2,546","2,559","2,559","2,538","2,86M","-0,62%"
"10.04.1996","2,562","2,540","2,562","2,532","4,37M","0,63%"
"09.04.1996","2,546","2,535","2,548","2,532","43,64M","0,75%"
"08.04.1996","2,527","2,527","2,527","2,505","1,40M","-0,63%"
"03.04.1996","2,543","2,543","2,548","2,524","6,46M","0,00%"
"02.04.1996","2,543","2,521","2,543","2,516","3,99M","0,95%"
"01.04.1996","2,519","2,511","2,521","2,500","2,93M","0,56%"
"29.03.1996","2,505","2,483","2,513","2,483","4,26M","0,97%"
"28.03.1996","2,481","2,494","2,494","2,475","2,98M","-1,19%"
"27.03.1996","2,511","2,521","2,521","2,508","1,92M","-0,32%"
"26.03.1996","2,519","2,543","2,548","2,511","7,23M","-0,75%"
"25.03.1996","2,538","2,500","2,543","2,497","3,64M","2,42%"
"22.03.1996","2,478","2,497","2,497","2,465","7,01M","-0,44%"
"21.03.1996","2,489","2,502","2,513","2,483","7,03M","0,00%"
"20.03.1996","2,489","2,492","2,497","2,481","5,58M","-0,52%"
"19.03.1996","2,502","2,467","2,502","2,475","878,78M","1,42%"
"18.03.1996","2,467","2,435","2,467","2,424","1,64M","1,77%"
"15.03.1996","2,424","2,424","2,432","2,402","2,46M","-0,21%"
"14.03.1996","2,429","2,429","2,429","2,413","3,09M","0,33%"
"13.03.1996","2,421","2,410","2,440","2,410","6,87M","0,33%"
"12.03.1996","2,413","2,440","2,451","2,408","3,25M","-0,25%"
"11.03.1996","2,419","2,424","2,429","2,394","4,23M","-1,31%"
"08.03.1996","2,451","2,470","2,481","2,421","8,96M","-0,65%"
"07.03.1996","2,467","2,489","2,492","2,459","4,25M","0,00%"
"06.03.1996","2,467","2,443","2,483","2,443","6,30M","0,65%"
"05.03.1996","2,451","2,494","2,502","2,440","8,44M","-2,78%"
"04.03.1996","2,521","2,529","2,570","2,494","11,11M","-4,44%"
"01.03.1996","2,638","2,616","2,646","2,608","4,86M","1,15%"
"29.02.1996","2,608","2,630","2,630","2,600","5,86M","-0,91%"
"28.02.1996","2,632","2,646","2,646","2,627","4,13M","-0,23%"
"27.02.1996","2,638","2,640","2,640","2,630","2,96M","0,00%"
"26.02.1996","2,638","2,646","2,659","2,635","4,46M","-1,01%"
"23.02.1996","2,665","2,692","2,694","2,651","5,56M","-0,49%"
"22.02.1996","2,678","2,667","2,681","2,662","3,77M","0,60%"
"21.02.1996","2,662","2,651","2,662","2,646","4,04M","0,41%"
"20.02.1996","2,651","2,676","2,676","2,638","4,40M","-0,71%"
"19.02.1996","2,670","2,643","2,689","2,643","5,34M","0,72%"
"16.02.1996","2,651","2,619","2,654","2,619","7,13M","1,53%"
"15.02.1996","2,611","2,570","2,611","2,570","3,51M","1,16%"
"14.02.1996","2,581","2,554","2,581","2,546","3,03M","0,62%"
"13.02.1996","2,565","2,565","2,565","2,543","3,98M","0,35%"
"12.02.1996","2,556","2,551","2,559","2,551","2,61M","-0,12%"
"09.02.1996","2,559","2,529","2,559","2,529","5,31M","-0,43%"
"08.02.1996","2,570","2,513","2,570","2,508","5,76M","1,82%"
"07.02.1996","2,524","2,481","2,524","2,481","7,94M","2,52%"
"06.02.1996","2,462","2,451","2,465","2,443","3,76M","0,65%"
"05.02.1996","2,446","2,465","2,473","2,440","4,49M","-1,49%"
"02.02.1996","2,483","2,481","2,486","2,470","2,32M","0,20%"
"01.02.1996","2,478","2,486","2,486","2,473","3,96M","-0,32%"
"31.01.1996","2,486","2,470","2,494","2,465","10,74M","1,10%"
"30.01.1996","2,459","2,451","2,459","2,440","4,87M","0,00%"
"29.01.1996","2,459","2,456","2,465","2,448","3,93M","-0,97%"
"26.01.1996","2,483","2,502","2,502","2,470","4,66M","-1,00%"
"25.01.1996","2,508","2,511","2,529","2,502","4,30M","0,56%"
"24.01.1996","2,494","2,446","2,494","2,440","5,61M","2,21%"
"23.01.1996","2,440","2,419","2,440","2,419","3,86M","-0,33%"
"22.01.1996","2,448","2,435","2,451","2,429","3,15M","0,08%"
"19.01.1996","2,446","2,435","2,451","2,429","3,69M","0,45%"
"18.01.1996","2,435","2,402","2,437","2,397","6,10M","1,37%"
"17.01.1996","2,402","2,375","2,402","2,373","3,17M","1,14%"
"16.01.1996","2,375","2,367","2,375","2,364","3,34M","0,47%"
"15.01.1996","2,364","2,375","2,375","2,362","1,58M","-0,38%"
"12.01.1996","2,373","2,381","2,383","2,354","4,98M","0,94%"
"11.01.1996","2,351","2,327","2,351","2,318","3,62M","0,69%"
"10.01.1996","2,335","2,359","2,359","2,327","3,16M","-1,68%"
"09.01.1996","2,375","2,378","2,383","2,373","3,29M","-0,13%"
"08.01.1996","2,378","2,397","2,397","2,373","3,91M","-0,46%"
"05.01.1996","2,389","2,386","2,397","2,373","2,41M","-0,67%"
"04.01.1996","2,405","2,402","2,408","2,394","3,55M","0,12%"
"03.01.1996","2,402","2,408","2,424","2,386","3,75M","0,00%"
"02.01.1996","2,402","2,364","2,405","2,364","3,29M","1,61%"
"29.12.1995","2,364","2,324","2,364","2,321","7,64M","1,59%"
"28.12.1995","2,327","2,324","2,329","2,310","3,95M","0,00%"
"27.12.1995","2,327","2,321","2,343","2,305","3,91M","0,26%"
"26.12.1995","2,321","2,302","2,321","2,302","2,23M","0,13%"
"22.12.1995","2,318","2,324","2,327","2,313","3,32M","-0,39%"
"21.12.1995","2,327","2,267","2,327","2,264","8,04M","2,15%"
"20.12.1995","2,278","2,240","2,278","2,235","5,12M","2,80%"
"19.12.1995","2,216","2,218","2,232","2,205","6,98M","-0,72%"
"18.12.1995","2,232","2,224","2,267","2,218","4,04M","-0,49%"
"15.12.1995","2,243","2,218","2,243","2,213","6,86M","1,13%"
"14.12.1995","2,218","2,224","2,229","2,202","2,99M","0,09%"
"13.12.1995","2,216","2,208","2,218","2,205","2,56M","0,00%"
"12.12.1995","2,216","2,197","2,218","2,197","7,57M","1,23%"
"11.12.1995","2,189","2,167","2,189","2,167","2,46M","0,14%"
"07.12.1995","2,186","2,189","2,189","2,175","1,64M","-0,14%"
"05.12.1995","2,189","2,194","2,197","2,180","2,33M","-0,36%"
"04.12.1995","2,197","2,178","2,197","2,175","2,08M","-0,36%"
"01.12.1995","2,205","2,205","2,208","2,194","2,35M","0,27%"
"30.11.1995","2,199","2,194","2,202","2,178","3,75M","-0,14%"
"29.11.1995","2,202","2,189","2,208","2,189","4,09M","0,14%"
"28.11.1995","2,199","2,202","2,202","2,180","3,45M","-0,50%"
"27.11.1995","2,210","2,175","2,210","2,175","8,67M","1,10%"
"24.11.1995","2,186","2,148","2,186","2,143","8,86M","1,77%"
"23.11.1995","2,148","2,143","2,159","2,137","5,90M","0,23%"
"22.11.1995","2,143","2,134","2,143","2,121","5,75M","1,56%"
"21.11.1995","2,110","2,094","2,110","2,091","2,43M","0,24%"
"20.11.1995","2,105","2,088","2,116","2,083","4,41M","1,20%"
"17.11.1995","2,080","2,078","2,086","2,075","7,64M","0,10%"
"16.11.1995","2,078","2,070","2,078","2,067","3,16M","1,07%"
"15.11.1995","2,056","2,056","2,061","2,051","2,78M","-0,24%"
"14.11.1995","2,061","2,064","2,072","2,059","2,18M","-0,43%"
"13.11.1995","2,070","2,056","2,070","2,051","1,28M","0,15%"
"10.11.1995","2,067","2,059","2,067","2,056","2,51M","-0,53%"
"09.11.1995","2,078","2,075","2,078","2,056","379,06K","0,29%"
"08.11.1995","2,072","2,056","2,072","2,056","2,46M","0,63%"
"07.11.1995","2,059","2,024","2,059","2,021","3,05M","1,63%"
"06.11.1995","2,026","2,005","2,026","2,002","815,64K","-0,15%"
"03.11.1995","2,029","2,015","2,029","2,015","1,54M","0,25%"
"02.11.1995","2,024","2,029","2,029","2,013","2,11M","0,30%"
"31.10.1995","2,018","2,005","2,018","1,997","3,18M","0,95%"
"30.10.1995","1,999","2,005","2,013","1,997","2,19M","0,25%"
"27.10.1995","1,994","1,994","1,997","1,980","2,54M","-0,94%"
"26.10.1995","2,013","2,002","2,013","2,002","1,25M","-0,25%"
"25.10.1995","2,018","2,005","2,018","2,002","2,26M","1,20%"
"24.10.1995","1,994","1,978","1,994","1,953","2,98M","1,12%"
"23.10.1995","1,972","1,988","1,997","1,972","3,99M","-2,81%"
"20.10.1995","2,029","2,045","2,048","2,007","5,69M","-1,07%"
"19.10.1995","2,051","2,053","2,059","2,034","3,25M","0,00%"
"18.10.1995","2,051","2,034","2,051","2,029","2,05M","0,44%"
"17.10.1995","2,042","2,042","2,048","2,034","1,59M","0,00%"
"16.10.1995","2,042","2,034","2,045","2,026","1,48M","-0,54%"
"13.10.1995","2,053","2,040","2,053","2,029","4,39M","2,70%"
"11.10.1995","1,999","1,994","2,005","1,975","3,88M","0,81%"
"10.10.1995","1,983","1,978","1,983","1,937","26,49M","-0,15%"
"09.10.1995","1,986","1,988","1,991","1,969","26,04M","-0,80%"
"06.10.1995","2,002","2,010","2,010","1,983","5,22M","-1,72%"
"05.10.1995","2,037","2,040","2,045","2,024","1,93M","-0,15%"
"04.10.1995","2,040","2,040","2,051","2,029","1,68M","0,15%"
"03.10.1995","2,037","2,040","2,045","2,029","2,99M","-0,92%"
"02.10.1995","2,056","2,070","2,075","2,051","1,39M","0,00%"
"29.09.1995","2,056","2,048","2,059","2,045","2,12M","0,78%"
"28.09.1995","2,040","2,037","2,042","2,032","2,01M","-0,54%"
"27.09.1995","2,051","2,042","2,051","2,029","2,78M","-0,39%"
"26.09.1995","2,059","2,061","2,061","2,051","1,67M","0,68%"
"25.09.1995","2,045","2,034","2,045","2,029","2,31M","0,00%"
"22.09.1995","2,045","2,080","2,080","2,045","4,78M","-2,34%"
"21.09.1995","2,094","2,086","2,099","2,083","3,46M","-0,24%"
"20.09.1995","2,099","2,110","2,110","2,097","1,89M","-0,29%"
"19.09.1995","2,105","2,097","2,105","2,094","2,36M","0,38%"
"18.09.1995","2,097","2,094","2,099","2,088","2,21M","-0,38%"
"15.09.1995","2,105","2,105","2,110","2,099","4,21M","-0,24%"
"14.09.1995","2,110","2,083","2,110","2,083","2,16M","0,00%"
"13.09.1995","2,110","2,116","2,118","2,102","2,71M","0,00%"
"12.09.1995","2,110","2,097","2,116","2,088","4,85M","0,62%"
"11.09.1995","2,097","2,078","2,097","2,075","1,47M","0,91%"
"08.09.1995","2,078","2,083","2,086","2,072","1,43M","0,29%"
"07.09.1995","2,072","2,064","2,080","2,064","860,07K","-0,53%"
"06.09.1995","2,083","2,070","2,086","2,067","3,00M","1,17%"
"05.09.1995","2,059","2,053","2,059","2,045","1,02M","0,00%"
"04.09.1995","2,059","2,048","2,061","2,048","1,02M","0,15%"
"01.09.1995","2,056","2,051","2,056","2,037","1,38M","0,15%"
"31.08.1995","2,053","2,042","2,053","2,040","1,99M","-0,15%"
"30.08.1995","2,056","2,061","2,061","2,048","1,83M","-0,39%"
"29.08.1995","2,064","2,064","2,064","2,056","1,65M","-0,29%"
"28.08.1995","2,070","2,078","2,078","2,061","1,45M","-1,00%"
"25.08.1995","2,091","2,080","2,091","2,078","959,95K","0,24%"
"24.08.1995","2,086","2,067","2,088","2,067","2,05M","0,14%"
"23.08.1995","2,083","2,072","2,083","2,056","1,66M","0,00%"
"22.08.1995","2,083","2,083","2,083","2,064","1,73M","-0,53%"
"21.08.1995","2,094","2,094","2,099","2,072","1,76M","-0,14%"
"18.08.1995","2,097","2,097","2,102","2,078","2,29M","-0,10%"
"17.08.1995","2,099","2,099","2,102","2,088","1,40M","-0,29%"
"16.08.1995","2,105","2,105","2,110","2,099","2,90M","0,53%"
"14.08.1995","2,094","2,091","2,094","2,083","666,24K","-0,52%"
"11.08.1995","2,105","2,059","2,110","2,059","6,17M","2,38%"
"10.08.1995","2,056","2,048","2,056","2,042","1,67M","0,24%"
"09.08.1995","2,051","2,045","2,051","2,042","985,39K","-0,24%"
"08.08.1995","2,056","2,053","2,056","2,042","1,57M","0,15%"
"07.08.1995","2,053","2,061","2,061","2,042","1,46M","-0,15%"
"04.08.1995","2,056","2,056","2,059","2,048","3,63M","0,00%"
"03.08.1995","2,056","2,051","2,059","2,034","4,64M","0,00%"
"02.08.1995","2,056","2,053","2,056","2,045","3,10M","1,48%"
"01.08.1995","2,026","2,018","2,029","2,007","3,57M","0,10%"
"31.07.1995","2,024","2,015","2,026","2,015","1,43M","-0,25%"
"28.07.1995","2,029","2,029","2,040","2,018","3,79M","0,00%"
"27.07.1995","2,029","1,969","2,029","1,969","8,43M","2,47%"
"26.07.1995","1,980","1,975","1,983","1,972","9,07M","0,56%"
"25.07.1995","1,969","1,961","1,972","1,959","1,91M","0,10%"
"24.07.1995","1,967","1,967","1,967","1,951","2,48M","0,15%"
"21.07.1995","1,964","1,975","1,980","1,945","4,32M","-0,15%"
"20.07.1995","1,967","1,948","1,969","1,940","3,44M","-0,10%"
"19.07.1995","1,969","1,932","1,969","1,932","1,55M","0,92%"
"18.07.1995","1,951","1,961","1,964","1,940","2,42M","-0,66%"
"17.07.1995","1,964","1,959","1,964","1,953","1,26M","0,26%"
"14.07.1995","1,959","1,945","1,959","1,940","3,48M","0,00%"
"13.07.1995","1,959","1,967","1,972","1,945","1,92M","-0,51%"
"12.07.1995","1,969","1,959","1,980","1,956","2,49M","-0,30%"
"11.07.1995","1,975","1,945","1,980","1,945","3,44M","0,41%"
"10.07.1995","1,967","1,959","1,972","1,951","3,40M","0,31%"
"07.07.1995","1,961","1,942","1,961","1,937","12,72M","2,24%"
"06.07.1995","1,918","1,902","1,926","1,902","1,87M","0,68%"
"05.07.1995","1,905","1,905","1,907","1,894","1,16M","0,16%"
"04.07.1995","1,902","1,894","1,902","1,891","1,79M","0,74%"
"03.07.1995","1,888","1,894","1,894","1,883","771,86K","-0,16%"
"30.06.1995","1,891","1,888","1,891","1,880","1,99M","-0,16%"
"29.06.1995","1,894","1,907","1,907","1,886","2,85M","-0,68%"
"28.06.1995","1,907","1,907","1,913","1,896","1,49M","-0,99%"
"27.06.1995","1,926","1,896","1,926","1,891","2,51M","1,00%"
"26.06.1995","1,907","1,907","1,923","1,894","2,06M","-0,57%"
"23.06.1995","1,918","1,910","1,921","1,902","2,87M","-0,16%"
"22.06.1995","1,921","1,886","1,921","1,880","2,36M","1,75%"
"21.06.1995","1,888","1,891","1,891","1,880","1,27M","-0,16%"
"20.06.1995","1,891","1,886","1,894","1,883","2,48M","-0,26%"
"19.06.1995","1,896","1,894","1,902","1,886","1,45M","0,69%"
"16.06.1995","1,883","1,891","1,894","1,877","8,60M","-1,26%"
"15.06.1995","1,907","1,915","1,915","1,899","2,11M","-0,73%"
"14.06.1995","1,921","1,921","1,929","1,913","3,79M","0,00%"
"13.06.1995","1,921","1,913","1,923","1,913","1,45M","0,16%"
"12.06.1995","1,918","1,902","1,918","1,899","2,50M","-0,72%"
"09.06.1995","1,932","1,913","1,934","1,907","1,70M","0,00%"
"08.06.1995","1,932","1,905","1,934","1,902","2,08M","0,89%"
"07.06.1995","1,915","1,910","1,915","1,902","4,06M","0,10%"
"06.06.1995","1,913","1,932","1,932","1,905","3,05M","-0,67%"
"05.06.1995","1,926","1,923","1,934","1,921","1,40M","-0,57%"
"02.06.1995","1,937","1,940","1,942","1,921","2,73M","0,00%"
"01.06.1995","1,937","1,929","1,942","1,921","2,84M","0,99%"
"31.05.1995","1,918","1,907","1,918","1,896","8,97M","-0,26%"
"30.05.1995","1,923","1,910","1,942","1,907","5,14M","-0,47%"
"29.05.1995","1,932","1,934","1,934","1,913","1,07M","-0,26%"
"26.05.1995","1,937","1,926","1,937","1,921","4,07M","-0,15%"
"25.05.1995","1,940","1,975","1,978","1,934","5,31M","-1,92%"
"24.05.1995","1,978","2,007","2,024","1,969","5,68M","-0,65%"
"23.05.1995","1,991","1,934","1,994","1,934","8,37M","3,05%"
"22.05.1995","1,932","1,910","1,932","1,907","4,04M","1,31%"
"19.05.1995","1,907","1,891","1,913","1,883","5,97M","-0,31%"
"18.05.1995","1,913","1,910","1,913","1,907","2,52M","0,16%"
"17.05.1995","1,910","1,910","1,915","1,905","3,11M","-0,16%"
"16.05.1995","1,913","1,894","1,918","1,894","5,09M","1,00%"
"15.05.1995","1,894","1,891","1,894","1,872","2,09B","0,16%"
"12.05.1995","1,891","1,905","1,910","1,880","4,77M","-1,15%"
"11.05.1995","1,913","1,926","1,934","1,894","9,70M","-0,10%"
"10.05.1995","1,915","1,894","1,932","1,891","12,54M","1,70%"
"09.05.1995","1,883","1,867","1,891","1,853","5,65M","0,86%"
"08.05.1995","1,867","1,826","1,872","1,826","5,47M","2,25%"
"05.05.1995","1,826","1,831","1,831","1,818","2,59M","-0,44%"
"04.05.1995","1,834","1,840","1,840","1,823","4,33M","0,60%"
"03.05.1995","1,823","1,813","1,834","1,807","4,42M","1,17%"
"02.05.1995","1,802","1,799","1,804","1,796","649,25K","0,33%"
"28.04.1995","1,796","1,796","1,810","1,785","4,40M","0,28%"
"27.04.1995","1,791","1,785","1,815","1,783","3,76M","0,00%"
"26.04.1995","1,791","1,783","1,791","1,777","3,10M","0,90%"
"25.04.1995","1,775","1,780","1,780","1,769","1,85M","0,00%"
"24.04.1995","1,775","1,780","1,788","1,761","6,16M","-0,73%"
"21.04.1995","1,788","1,788","1,791","1,764","6,36M","0,17%"
"20.04.1995","1,785","1,813","1,815","1,780","3,38M","-0,94%"
"19.04.1995","1,802","1,777","1,802","1,775","1,56M","0,45%"
"18.04.1995","1,794","1,772","1,794","1,772","1,70M","-0,44%"
"17.04.1995","1,802","1,785","1,802","1,785","900,18K","0,61%"
"12.04.1995","1,791","1,785","1,799","1,785","1,82M","-0,89%"
"11.04.1995","1,807","1,823","1,831","1,802","3,26M","-0,44%"
"10.04.1995","1,815","1,794","1,818","1,780","3,49M","0,11%"
"07.04.1995","1,813","1,780","1,813","1,780","13,95M","1,85%"
"06.04.1995","1,780","1,780","1,794","1,775","8,06M","0,00%"
"05.04.1995","1,780","1,761","1,785","1,758","2,35M","0,74%"
"04.04.1995","1,767","1,758","1,775","1,753","3,77M","1,61%"
"03.04.1995","1,739","1,731","1,742","1,726","2,09M","-0,17%"
"31.03.1995","1,742","1,748","1,756","1,731","3,98M","-0,34%"
"30.03.1995","1,748","1,726","1,767","1,726","4,75M","1,27%"
"29.03.1995","1,726","1,718","1,726","1,712","2,44M","0,00%"
"28.03.1995","1,726","1,731","1,734","1,712","1,74M","-0,75%"
"27.03.1995","1,739","1,737","1,748","1,734","2,04M","1,05%"
"24.03.1995","1,721","1,712","1,726","1,707","2,08M","0,35%"
"23.03.1995","1,715","1,723","1,723","1,691","3,28M","-0,92%"
"22.03.1995","1,731","1,737","1,739","1,723","5,34M","-0,80%"
"21.03.1995","1,745","1,737","1,745","1,729","3,58M","0,35%"
"20.03.1995","1,739","1,731","1,739","1,723","522,96M","0,46%"
"17.03.1995","1,731","1,734","1,737","1,721","7,08M","-0,17%"
"16.03.1995","1,734","1,726","1,734","1,707","4,16M","0,46%"
"15.03.1995","1,726","1,737","1,739","1,712","6,30M","0,00%"
"14.03.1995","1,726","1,721","1,731","1,712","5,85M","0,82%"
"13.03.1995","1,712","1,721","1,734","1,710","9,94M","-0,35%"
"10.03.1995","1,718","1,726","1,726","1,702","11,12M","-0,75%"
"09.03.1995","1,731","1,802","1,802","1,721","10,42M","-3,03%"
"08.03.1995","1,785","1,799","1,802","1,769","7,92M","-1,54%"
"07.03.1995","1,813","1,864","1,872","1,813","8,30M","-3,41%"
"06.03.1995","1,877","1,840","1,886","1,840","6,02M","0,54%"
"03.03.1995","1,867","1,864","1,883","1,850","2,35M","-0,69%"
"02.03.1995","1,880","1,840","1,880","1,840","3,99M","1,62%"
"01.03.1995","1,850","1,845","1,850","1,834","1,89M","0,27%"
"28.02.1995","1,845","1,829","1,845","1,829","1,77M","0,60%"
"27.02.1995","1,834","1,842","1,850","1,826","4,98M","-2,03%"
"24.02.1995","1,872","1,864","1,872","1,859","3,53M","0,59%"
"23.02.1995","1,861","1,831","1,861","1,829","2,82M","2,20%"
"22.02.1995","1,821","1,834","1,834","1,815","3,42M","-0,71%"
"21.02.1995","1,834","1,834","1,840","1,829","1,80M","-0,33%"
"20.02.1995","1,840","1,845","1,850","1,834","1,83M","-0,54%"
"17.02.1995","1,850","1,840","1,856","1,834","3,71M","-0,16%"
"16.02.1995","1,853","1,880","1,891","1,842","4,71M","-2,01%"
"15.02.1995","1,891","1,915","1,915","1,886","3,29M","-1,15%"
"14.02.1995","1,913","1,896","1,918","1,896","7,07M","1,16%"
"13.02.1995","1,891","1,891","1,891","1,877","2,67M","-0,26%"
"10.02.1995","1,896","1,853","1,907","1,853","8,72M","1,88%"
"09.02.1995","1,861","1,834","1,867","1,815","6,90M","1,64%"
"08.02.1995","1,831","1,826","1,834","1,810","1,49M","0,00%"
"07.02.1995","1,831","1,845","1,848","1,821","2,08M","-0,76%"
"06.02.1995","1,845","1,850","1,859","1,842","1,91M","0,27%"
"03.02.1995","1,840","1,810","1,840","1,799","3,00M","2,11%"
"02.02.1995","1,802","1,807","1,810","1,799","1,21M","-0,61%"
"01.02.1995","1,813","1,796","1,815","1,791","2,74M","1,40%"
"31.01.1995","1,788","1,777","1,788","1,772","2,54M","0,00%"
"30.01.1995","1,788","1,785","1,788","1,777","9,66M","-0,45%"
"27.01.1995","1,796","1,804","1,807","1,785","4,00M","0,45%"
"26.01.1995","1,788","1,775","1,788","1,772","3,82M","0,90%"
"25.01.1995","1,772","1,756","1,772","1,753","2,47M","1,37%"
"24.01.1995","1,748","1,739","1,748","1,729","4,19M","1,10%"
"23.01.1995","1,729","1,745","1,750","1,726","3,26M","-2,15%"
"20.01.1995","1,767","1,753","1,767","1,748","3,43M","-0,11%"
"19.01.1995","1,769","1,761","1,772","1,753","4,43M","0,63%"
"18.01.1995","1,758","1,756","1,764","1,748","2,03M","-0,79%"
"17.01.1995","1,772","1,775","1,785","1,764","2,31M","-0,17%"
"16.01.1995","1,775","1,775","1,775","1,758","3,25M","1,25%"
"13.01.1995","1,753","1,707","1,758","1,707","2,75M","1,27%"
"12.01.1995","1,731","1,731","1,734","1,694","5,12M","0,29%"
"11.01.1995","1,726","1,748","1,758","1,718","4,61M","-0,92%"
"10.01.1995","1,742","1,729","1,742","1,718","3,28M","-1,69%"
"09.01.1995","1,772","1,785","1,785","1,758","4,03M","-1,06%"
"05.01.1995","1,791","1,796","1,802","1,783","2,17M","-0,72%"
"04.01.1995","1,804","1,804","1,804","1,791","2,63M","0,56%"
"03.01.1995","1,794","1,764","1,794","1,764","2,29M","2,16%"
"02.01.1995","1,756","1,764","1,772","1,750","1,18M","-0,62%"
"30.12.1994","1,767","1,739","1,767","1,739","2,30M","1,90%"
"29.12.1994","1,734","1,734","1,753","1,718","5,61M","-1,08%"
"28.12.1994","1,753","1,780","1,780","1,729","3,25M","-0,62%"
"27.12.1994","1,764","1,807","1,807","1,756","3,02M","-2,70%"
"23.12.1994","1,813","1,796","1,813","1,788","1,38M","1,40%"
"22.12.1994","1,788","1,796","1,804","1,775","4,03M","-0,45%"
"21.12.1994","1,796","1,799","1,799","1,788","2,67M","-0,33%"
"20.12.1994","1,802","1,804","1,813","1,791","3,25M","-1,04%"
"19.12.1994","1,821","1,831","1,831","1,807","1,80M","0,61%"
"16.12.1994","1,810","1,815","1,815","1,804","5,04M","-0,44%"
"15.12.1994","1,818","1,834","1,840","1,813","3,72M","-1,20%"
"14.12.1994","1,840","1,848","1,853","1,837","4,36M","-0,43%"
"13.12.1994","1,848","1,848","1,850","1,837","5,48M","-0,11%"
"12.12.1994","1,850","1,848","1,880","1,840","3,96M","-0,48%"
"09.12.1994","1,859","1,867","1,867","1,850","3,23M","-1,12%"
"07.12.1994","1,880","1,864","1,880","1,864","4,04M","0,27%"
"05.12.1994","1,875","1,875","1,883","1,867","7,33M","0,32%"
"02.12.1994","1,869","1,850","1,869","1,845","4,85M","1,03%"
"01.12.1994","1,850","1,848","1,853","1,840","1,96M","0,27%"
"30.11.1994","1,845","1,840","1,853","1,831","2,59M","0,60%"
"29.11.1994","1,834","1,853","1,853","1,821","3,42M","-1,45%"
"28.11.1994","1,861","1,864","1,869","1,856","3,88M","-0,16%"
"25.11.1994","1,864","1,850","1,864","1,848","2,72M","0,27%"
"24.11.1994","1,859","1,842","1,859","1,842","2,48M","1,36%"
"23.11.1994","1,834","1,826","1,842","1,823","3,18M","-1,03%"
"22.11.1994","1,853","1,842","1,853","1,840","2,43M","-0,43%"
"21.11.1994","1,861","1,861","1,867","1,853","3,39M","0,43%"
"18.11.1994","1,853","1,840","1,861","1,831","4,04M","0,27%"
"17.11.1994","1,848","1,829","1,856","1,829","4,16M","0,16%"